2010-01-01;8.84665
2010-01-02;7.12798
2010-01-03;6.92174
2010-01-04;6.56278
2010-01-05;6.10375
2010-01-06;6.29936
2010-01-07;6.09808
2010-01-08;5.86853
2010-01-09;5.19533
2010-01-10;5.63034
2010-01-11;5.00868
2010-01-12;5.62198
2010-01-13;8.63537
2010-01-14;8.86404
2010-01-15;8.75216
2010-01-16;9.56652
2010-01-17;11.1499
2010-01-18;8.63676
2010-01-19;8.63753
2010-01-20;9.52866
2010-01-21;9.53191
2010-01-22;9.64957
2010-01-23;9.33902
2010-01-24;9.32059
2010-01-25;8.65525
2010-01-26;7.52017
2010-01-27;6.71398
2010-01-28;8.36383
2010-01-29;9.375
2010-01-30;7.98298
2010-01-31;6.25957
2010-02-01;6.83153
2010-02-02;8.50959
2010-02-03;9.8383
2010-02-04;10.1991
2010-02-05;11.122
2010-02-06;10.6752
2010-02-07;9.72281
2010-02-08;8.60171
2010-02-09;7.94861
2010-02-10;6.30952
2010-02-11;5.02766
2010-02-12;5.77021
2010-02-13;5.89172
2010-02-14;5.92766
2010-02-15;6.20128
2010-02-16;7.55224
2010-02-17;9.44703
2010-02-18;10.8141
2010-02-19;9.73718
2010-02-20;8.86667
2010-02-21;9.74894
2010-02-22;11.8197
2010-02-23;12.6968
2010-02-24;12.5936
2010-02-25;12.896
2010-02-26;12.4414
2010-02-27;11.7754
2010-02-28;12.8369
2010-03-01;10.6317
2010-03-02;11.2244
2010-03-03;10.5991
2010-03-04;9.83333
2010-03-05;8.75693
2010-03-06;8.58174
2010-03-07;7.06356
2010-03-08;6.86334
2010-03-09;6.38022
2010-03-10;6.45455
2010-03-11;6.5122
2010-03-12;7.19868
2010-03-13;8.46916
2010-03-14;9.41741
2010-03-15;9.9469
2010-03-16;10.7297
2010-03-17;12.139
2010-03-18;12.8909
2010-03-19;14.2483
2010-03-20;14.9227
2010-03-21;13.37
2010-03-22;12.5022
2010-03-23;13.208
2010-03-24;14.2254
2010-03-25;14.0517
2010-03-26;12.6996
2010-03-27;12.1951
2010-03-28;12.6896
2010-03-29;13.8473
2010-03-30;11.6261
2010-03-31;11.2626
2010-04-01;11.0795
2010-04-02;11.7446
2010-04-03;12.1952
2010-04-04;11.9869
2010-04-05;11.9807
2010-04-06;13.4742
2010-04-07;13.4081
2010-04-08;12.8771
2010-04-09;14.1261
2010-04-10;14.4489
2010-04-11;13.0278
2010-04-12;11.6116
2010-04-13;11.6928
2010-04-14;11.8473
2010-04-15;12.2615
2010-04-16;13.0194
2010-04-17;13.4048
2010-04-18;14.3662
2010-04-19;14.7452
2010-04-20;14.568
2010-04-21;14.4181
2010-04-22;14.6427
2010-04-23;14.8587
2010-04-24;16.0821
2010-04-25;16.6717
2010-04-26;16.5693
2010-04-27;16.6293
2010-04-28;17.7747
2010-04-29;17.53
2010-04-30;15.722
2010-05-01;15.1326
2010-05-02;14.3974
2010-05-03;12.3987
2010-05-04;11.6119
2010-05-05;11.3191
2010-05-06;12.1382
2010-05-07;12.7179
2010-05-08;13.3623
2010-05-09;13.9829
2010-05-10;14.5109
2010-05-11;13.3524
2010-05-12;12.6239
2010-05-13;12.4106
2010-05-14;12.5923
2010-05-15;13.2191
2010-05-16;13.7542
2010-05-17;14.6966
2010-05-18;15.2265
2010-05-19;15.1239
2010-05-20;15.8702
2010-05-21;17.2787
2010-05-22;17.8856
2010-05-23;18.5
2010-05-24;19.5424
2010-05-25;19.2516
2010-05-26;17.4043
2010-05-27;16.5892
2010-05-28;16.1468
2010-05-29;16.4179
2010-05-30;17.0552
2010-05-31;16.3533
2010-06-01;16.4268
2010-06-02;17.0212
2010-06-03;18.0979
2010-06-04;19.2989
2010-06-05;19.9871
2010-06-06;17.8373
2010-06-07;17.7338
2010-06-08;17.7345
2010-06-09;18.1135
2010-06-10;18.8854
2010-06-11;18.0723
2010-06-12;17.8022
2010-06-13;17.3456
2010-06-14;16.7554
2010-06-15;16.3895
2010-06-16;16.2048
2010-06-17;16.5066
2010-06-18;16.7608
2010-06-19;15.5847
2010-06-20;14.2945
2010-06-21;15.466
2010-06-22;17.0426
2010-06-23;18.2
2010-06-24;19.2632
2010-06-25;19.9416
2010-06-26;20.4161
2010-06-27;20.2336
2010-06-28;20.5162
2010-06-29;20.8684
2010-06-30;21.2035
2010-07-01;21.7351
2010-07-02;21.6731
2010-07-03;20.603
2010-07-04;20.5372
2010-07-05;20.1592
2010-07-06;19.6674
2010-07-07;20.663
2010-07-08;22.1217
2010-07-09;22.2991
2010-07-10;22.0877
2010-07-11;22.1559
2010-07-12;21.0022
2010-07-13;21.0452
2010-07-14;20.1891
2010-07-15;20.1288
2010-07-16;20.4425
2010-07-17;19.3571
2010-07-18;19.5529
2010-07-19;21.0671
2010-07-20;21.3196
2010-07-21;19.4088
2010-07-22;18.6244
2010-07-23;18.2829
2010-07-24;18.2854
2010-07-25;18.2817
2010-07-26;18.8918
2010-07-27;19.6681
2010-07-28;19.9739
2010-07-29;19.0066
2010-07-30;18.511
2010-07-31;19.6048
2010-08-01;19.1319
2010-08-02;18.756
2010-08-03;18.755
2010-08-04;18.453
2010-08-05;17.8725
2010-08-06;17.9145
2010-08-07;18.8869
2010-08-08;19.2762
2010-08-09;19.404
2010-08-10;19.458
2010-08-11;19.3075
2010-08-12;18.2667
2010-08-13;17.589
2010-08-14;16.8057
2010-08-15;16.6689
2010-08-16;17.1839
2010-08-17;18.0045
2010-08-18;18.0357
2010-08-19;19.1067
2010-08-20;20.8389
2010-08-21;21.9189
2010-08-22;21.6651
2010-08-23;20.7172
2010-08-24;19.0545
2010-08-25;19.2005
2010-08-26;21.5238
2010-08-27;20.036
2010-08-28;17.9689
2010-08-29;16.9107
2010-08-30;16.4206
2010-08-31;16.692
2010-09-01;17.1797
2010-09-02;18.5622
2010-09-03;18.4135
2010-09-04;18.1519
2010-09-05;18.4887
2010-09-06;18.2449
2010-09-07;17.2821
2010-09-08;16.5091
2010-09-09;16.4831
2010-09-10;16.9548
2010-09-11;17.6767
2010-09-12;17.2138
2010-09-13;16.2692
2010-09-14;16.9757
2010-09-15;16.9135
2010-09-16;16.3519
2010-09-17;15.9054
2010-09-18;15.0946
2010-09-19;14.7134
2010-09-20;15.8194
2010-09-21;16.9355
2010-09-22;17.8858
2010-09-23;17.9565
2010-09-24;16.1204
2010-09-25;14.4675
2010-09-26;13.0688
2010-09-27;13.2951
2010-09-28;14.4822
2010-09-29;15.387
2010-09-30;15.5094
2010-10-01;15.8285
2010-10-02;17.4021
2010-10-03;18.2553
2010-10-04;17.1863
2010-10-05;16.366
2010-10-06;16.812
2010-10-07;17.228
2010-10-08;18.2873
2010-10-09;17.9611
2010-10-10;16.7106
2010-10-11;15.3723
2010-10-12;15.1864
2010-10-13;14.1791
2010-10-14;13.2618
2010-10-15;13.1803
2010-10-16;13.0577
2010-10-17;11.6108
2010-10-18;11.4359
2010-10-19;12.7143
2010-10-20;12.3919
2010-10-21;10.8197
2010-10-22;12.0043
2010-10-23;13.3498
2010-10-24;12.8254
2010-10-25;11.0389
2010-10-26;10.6039
2010-10-27;12.0702
2010-10-28;13.0574
2010-10-29;14.0149
2010-10-30;14.3822
2010-10-31;14.1571
2010-11-01;13.9852
2010-11-02;13.7085
2010-11-03;15.1441
2010-11-04;15.9978
2010-11-05;15.5122
2010-11-06;14.5702
2010-11-07;12.2909
2010-11-08;11.0022
2010-11-09;12.2237
2010-11-10;11.7343
2010-11-11;11.6048
2010-11-12;14.9761
2010-11-13;15.2175
2010-11-14;14.2936
2010-11-15;11.9722
2010-11-16;10.7979
2010-11-17;10.2729
2010-11-18;11.339
2010-11-19;11.0022
2010-11-20;10.8593
2010-11-21;10.4716
2010-11-22;10.0968
2010-11-23;9.5572
2010-11-24;9.103
2010-11-25;8.61325
2010-11-26;7.40605
2010-11-27;6.88362
2010-11-28;7.28233
2010-11-29;7.02808
2010-11-30;6.69703
2010-12-01;6.78298
2010-12-02;6.04283
2010-12-03;5.78936
2010-12-04;6.8072
2010-12-05;8.67091
2010-12-06;10.4179
2010-12-07;10.817
2010-12-08;11.5435
2010-12-09;8.91471
2010-12-10;8.21459
2010-12-11;8.95745
2010-12-12;9.09595
2010-12-13;7.394
2010-12-14;6.37473
2010-12-15;5.70513
2010-12-16;7.10213
2010-12-17;7.1741
2010-12-18;5.99145
2010-12-19;8.11472
2010-12-20;9.29437
2010-12-21;9.46983
2010-12-22;10.1085
2010-12-23;9.66231
2010-12-24;7.38562
2010-12-25;5.91189
2010-12-26;4.71619
2010-12-27;5.99562
2010-12-28;8.44397
2010-12-29;9.40812
2010-12-30;9.95754
2010-12-31;9.35043
2011-01-01;8.34261
2011-01-02;8.08705
2011-01-03;6.70149
2011-01-04;6.67516
2011-01-05;8.42735
2011-01-06;12.104
2011-01-07;13.3638
2011-01-08;13.2217
2011-01-09;10.8777
2011-01-10;9.14775
2011-01-11;10.8415
2011-01-12;11.7825
2011-01-13;13.6412
2011-01-14;12.4286
2011-01-15;12.2308
2011-01-16;11.2364
2011-01-17;11.4423
2011-01-18;11.0665
2011-01-19;9.39056
2011-01-20;8.17849
2011-01-21;7.50108
2011-01-22;6.93162
2011-01-23;6.91522
2011-01-24;7.57112
2011-01-25;8.18884
2011-01-26;8.33621
2011-01-27;8.32751
2011-01-28;7.9806
2011-01-29;7.72885
2011-01-30;7.05677
2011-01-31;6.3033
2011-02-01;6.68884
2011-02-02;7.73774
2011-02-03;9.82684
2011-02-04;11.3881
2011-02-05;11.9703
2011-02-06;10.9657
2011-02-07;10.8785
2011-02-08;10.6121
2011-02-09;10.4797
2011-02-10;11.2393
2011-02-11;12.0894
2011-02-12;10.9422
2011-02-13;10.7538
2011-02-14;10.4183
2011-02-15;10.7211
2011-02-16;10.367
2011-02-17;9.97872
2011-02-18;9.88535
2011-02-19;10.4298
2011-02-20;10.7304
2011-02-21;10.4277
2011-02-22;10.0919
2011-02-23;9.88699
2011-02-24;11.6095
2011-02-25;12.1382
2011-02-26;11.7238
2011-02-27;10.5702
2011-02-28;9.28998
2011-03-01;9.48291
2011-03-02;9.38495
2011-03-03;8.81197
2011-03-04;9.38544
2011-03-05;9.55342
2011-03-06;9.57019
2011-03-07;9.90281
2011-03-08;10.5606
2011-03-09;10.6638
2011-03-10;11.2057
2011-03-11;11.8989
2011-03-12;11.7424
2011-03-13;12.3238
2011-03-14;13.13
2011-03-15;14.1223
2011-03-16;13.263
2011-03-17;11.8527
2011-03-18;11.7321
2011-03-19;11.6615
2011-03-20;10.9868
2011-03-21;11.1983
2011-03-22;11.6544
2011-03-23;12.773
2011-03-24;13.5656
2011-03-25;13.8427
2011-03-26;14.1377
2011-03-27;13.6245
2011-03-28;13.3162
2011-03-29;13.2334
2011-03-30;13.5278
2011-03-31;14.5797
2011-04-01;15.6723
2011-04-02;15.8806
2011-04-03;14.4648
2011-04-04;13.5277
2011-04-05;14.2814
2011-04-06;16.5657
2011-04-07;17.2675
2011-04-08;16.9851
2011-04-09;16.5363
2011-04-10;15.629
2011-04-11;15.4409
2011-04-12;13.8068
2011-04-13;12.6638
2011-04-14;13.5287
2011-04-15;13.4638
2011-04-16;13.4149
2011-04-17;14.3462
2011-04-18;15.688
2011-04-19;16.1617
2011-04-20;16.5605
2011-04-21;16.8004
2011-04-22;16.7325
2011-04-23;15.9403
2011-04-24;16.1004
2011-04-25;16.439
2011-04-26;16.547
2011-04-27;15.8465
2011-04-28;14.5118
2011-04-29;14.6996
2011-04-30;15.9151
2011-05-01;16.3838
2011-05-02;16.1511
2011-05-03;15.1609
2011-05-04;14.9845
2011-05-05;15.6144
2011-05-06;16.9566
2011-05-07;17.7211
2011-05-08;17.7134
2011-05-09;17.694
2011-05-10;17.9126
2011-05-11;17.6645
2011-05-12;16.4978
2011-05-13;16.6103
2011-05-14;15.3469
2011-05-15;14.514
2011-05-16;15.2065
2011-05-17;16.2435
2011-05-18;16.9586
2011-05-19;17.3386
2011-05-20;17.2018
2011-05-21;17.5821
2011-05-22;17.3508
2011-05-23;18.0172
2011-05-24;17.6204
2011-05-25;18.3983
2011-05-26;17.308
2011-05-27;15.4913
2011-05-28;15.7446
2011-05-29;17.6926
2011-05-30;18.1788
2011-05-31;15.3239
2011-06-01;14.7636
2011-06-02;16.5849
2011-06-03;18.5577
2011-06-04;18.8513
2011-06-05;17.7961
2011-06-06;17.1394
2011-06-07;16.4255
2011-06-08;15.637
2011-06-09;15.8391
2011-06-10;15.6832
2011-06-11;15.9237
2011-06-12;16.588
2011-06-13;18.0343
2011-06-14;18.9286
2011-06-15;19.5662
2011-06-16;18.1902
2011-06-17;17.5132
2011-06-18;16.7016
2011-06-19;16.6615
2011-06-20;18.3224
2011-06-21;19.4723
2011-06-22;17.9283
2011-06-23;16.5673
2011-06-24;16.318
2011-06-25;18.5918
2011-06-26;21.3501
2011-06-27;22.2289
2011-06-28;20.6231
2011-06-29;17.7489
2011-06-30;17.4728
2011-07-01;17.7592
2011-07-02;18.1562
2011-07-03;18.2867
2011-07-04;19.1771
2011-07-05;19.9779
2011-07-06;18.8836
2011-07-07;17.7336
2011-07-08;18.5585
2011-07-09;18.8498
2011-07-10;18.7258
2011-07-11;20.1007
2011-07-12;19.9523
2011-07-13;17.9677
2011-07-14;17.4934
2011-07-15;17.8261
2011-07-16;18.2183
2011-07-17;16.8783
2011-07-18;16.622
2011-07-19;16.1652
2011-07-20;16.6895
2011-07-21;17.4466
2011-07-22;17.5638
2011-07-23;16.7532
2011-07-24;16.4197
2011-07-25;17.2771
2011-07-26;17.828
2011-07-27;17.6091
2011-07-28;17.9469
2011-07-29;18.5193
2011-07-30;18.6165
2011-07-31;18.3376
2011-08-01;19.0626
2011-08-02;19.9161
2011-08-03;19.8894
2011-08-04;20.287
2011-08-05;19.9892
2011-08-06;19.2719
2011-08-07;18.1306
2011-08-08;17.721
2011-08-09;16.9957
2011-08-10;17.4596
2011-08-11;18.4989
2011-08-12;19.0214
2011-08-13;19.4839
2011-08-14;19.0238
2011-08-15;19.1543
2011-08-16;19.8026
2011-08-17;20.6745
2011-08-18;20.431
2011-08-19;20.5647
2011-08-20;21.5862
2011-08-21;22.2784
2011-08-22;21.5609
2011-08-23;20.9482
2011-08-24;19.4255
2011-08-25;19.6911
2011-08-26;18.1004
2011-08-27;16.9956
2011-08-28;16.9147
2011-08-29;17.2408
2011-08-30;17.5628
2011-08-31;18.4386
2011-09-01;19.9631
2011-09-02;20.7441
2011-09-03;20.3534
2011-09-04;18.7303
2011-09-05;17.7024
2011-09-06;17.7462
2011-09-07;17.8593
2011-09-08;18.4009
2011-09-09;19.8698
2011-09-10;20.1379
2011-09-11;18.8095
2011-09-12;19.0479
2011-09-13;18.9216
2011-09-14;17.9101
2011-09-15;17.9114
2011-09-16;18.8443
2011-09-17;17.5391
2011-09-18;15.0595
2011-09-19;15.3363
2011-09-20;16.5794
2011-09-21;17.0878
2011-09-22;17.2054
2011-09-23;16.9215
2011-09-24;17.4899
2011-09-25;18.4027
2011-09-26;18.7973
2011-09-27;19.3632
2011-09-28;19.5928
2011-09-29;19.5336
2011-09-30;19.6351
2011-10-01;19.3778
2011-10-02;18.7332
2011-10-03;18.8504
2011-10-04;18.1059
2011-10-05;17.779
2011-10-06;16.8613
2011-10-07;14.4921
2011-10-08;14.0824
2011-10-09;15.7114
2011-10-10;17.0045
2011-10-11;16.9463
2011-10-12;16.5933
2011-10-13;16.4062
2011-10-14;15.1329
2011-10-15;13.9215
2011-10-16;14.0646
2011-10-17;14.5802
2011-10-18;14.7677
2011-10-19;12.7562
2011-10-20;11.2719
2011-10-21;10.4279
2011-10-22;11.7326
2011-10-23;13.744
2011-10-24;14.2885
2011-10-25;13.549
2011-10-26;13.3856
2011-10-27;14.4496
2011-10-28;14.6753
2011-10-29;14.846
2011-10-30;14.8453
2011-10-31;14.5978
2011-11-01;14.3609
2011-11-02;15.3167
2011-11-03;16.4239
2011-11-04;15.0479
2011-11-05;14.634
2011-11-06;14.2991
2011-11-07;13.9085
2011-11-08;13.3253
2011-11-09;14.0615
2011-11-10;13.6833
2011-11-11;13.7592
2011-11-12;14.4989
2011-11-13;13.658
2011-11-14;12.3582
2011-11-15;11.8785
2011-11-16;11.7109
2011-11-17;12.3319
2011-11-18;12.087
2011-11-19;12.5228
2011-11-20;12.7516
2011-11-21;12.9869
2011-11-22;12.9371
2011-11-23;12.0486
2011-11-24;11.1135
2011-11-25;10.6093
2011-11-26;10.9523
2011-11-27;11.2696
2011-11-28;10.559
2011-11-29;11.6004
2011-11-30;11.896
2011-12-01;13.2004
2011-12-02;11.9097
2011-12-03;11.8407
2011-12-04;13.1024
2011-12-05;11.2321
2011-12-06;10.7539
2011-12-07;12.4922
2011-12-08;12.0844
2011-12-09;11.4022
2011-12-10;10.3819
2011-12-11;10.1214
2011-12-12;10.7825
2011-12-13;11.1258
2011-12-14;10.8733
2011-12-15;10.5465
2011-12-16;11.4853
2011-12-17;8.69351
2011-12-18;7.55629
2011-12-19;7.84327
2011-12-20;10.0619
2011-12-21;11.2004
2011-12-22;12.3533
2011-12-23;11.4071
2011-12-24;9.48214
2011-12-25;8.67195
2011-12-26;9.15265
2011-12-27;8.64551
2011-12-28;9.36166
2011-12-29;10.0022
2011-12-30;10.9477
2011-12-31;12.8061
2012-01-01;13.5276
2012-01-02;11.1996
2012-01-03;11.1689
2012-01-04;10.7578
2012-01-05;11.5381
2012-01-06;10.179
2012-01-07;10.2623
2012-01-08;10.6697
2012-01-09;10.0903
2012-01-10;10.1461
2012-01-11;9.25455
2012-01-12;7.85421
2012-01-13;8.29478
2012-01-14;6.92045
2012-01-15;5.87955
2012-01-16;5.91116
2012-01-17;6
2012-01-18;7.4819
2012-01-19;10.2968
2012-01-20;10.8879
2012-01-21;11.2857
2012-01-22;11.1968
2012-01-23;10.4041
2012-01-24;9.71034
2012-01-25;10.0135
2012-01-26;9.36195
2012-01-27;8.87215
2012-01-28;7.76644
2012-01-29;6.6492
2012-01-30;6.1
2012-01-31;5.68018
2012-02-01;4.31034
2012-02-02;3.51242
2012-02-03;3.35217
2012-02-04;3.03226
2012-02-05;3.42919
2012-02-06;3.87281
2012-02-07;3.1757
2012-02-08;2.51322
2012-02-09;3.40879
2012-02-10;3.75711
2012-02-11;2.0473
2012-02-12;2.56979
2012-02-13;5.32432
2012-02-14;7.25721
2012-02-15;8.96514
2012-02-16;9.68898
2012-02-17;9.68777
2012-02-18;9.6645
2012-02-19;8.78947
2012-02-20;7.60173
2012-02-21;7.8319
2012-02-22;8.75751
2012-02-23;10.7004
2012-02-24;11.9272
2012-02-25;11.8772
2012-02-26;11.2429
2012-02-27;9.86214
2012-02-28;10.6587
2012-02-29;11.5736
2012-03-01;11.6711
2012-03-02;11.5101
2012-03-03;11.4367
2012-03-04;11.1778
2012-03-05;9.37582
2012-03-06;8.93435
2012-03-07;9.08315
2012-03-08;9.83664
2012-03-09;9.61036
2012-03-10;10.6689
2012-03-11;11.5625
2012-03-12;12.2769
2012-03-13;12.7571
2012-03-14;12.7451
2012-03-15;13.2247
2012-03-16;13.1604
2012-03-17;12.6534
2012-03-18;10.9934
2012-03-19;10.443
2012-03-20;10.2838
2012-03-21;12.1275
2012-03-22;13.6783
2012-03-23;14.0043
2012-03-24;14.5891
2012-03-25;14.5699
2012-03-26;14.9675
2012-03-27;15.0173
2012-03-28;14.9199
2012-03-29;14.9545
2012-03-30;14.8275
2012-03-31;13.7168
2012-04-01;12.6204
2012-04-02;12.4048
2012-04-03;12.5739
2012-04-04;12.0651
2012-04-05;12.6948
2012-04-06;12.6472
2012-04-07;12.0972
2012-04-08;11.8405
2012-04-09;12.7198
2012-04-10;12.71
2012-04-11;11.9212
2012-04-12;11.8126
2012-04-13;11.4672
2012-04-14;11.0154
2012-04-15;10.6181
2012-04-16;10.4505
2012-04-17;11.0199
2012-04-18;11.8106
2012-04-19;11.6018
2012-04-20;11.7473
2012-04-21;12.3174
2012-04-22;12.026
2012-04-23;11.8565
2012-04-24;11.9237
2012-04-25;12.8239
2012-04-26;13.9843
2012-04-27;14.2937
2012-04-28;15.0362
2012-04-29;14.2348
2012-04-30;13.1875
2012-05-01;14.0369
2012-05-02;14.0923
2012-05-03;14.8928
2012-05-04;14.3462
2012-05-05;13.8349
2012-05-06;13.8035
2012-05-07;14.4719
2012-05-08;15.4405
2012-05-09;17.2802
2012-05-10;18.6743
2012-05-11;18.2882
2012-05-12;15.969
2012-05-13;14.3075
2012-05-14;14.1327
2012-05-15;12.9823
2012-05-16;12.8048
2012-05-17;14.181
2012-05-18;14.9236
2012-05-19;15.0044
2012-05-20;14.5761
2012-05-21;13.8061
2012-05-22;15.2835
2012-05-23;16.8395
2012-05-24;18.5875
2012-05-25;19.7505
2012-05-26;18.363
2012-05-27;17.6164
2012-05-28;17.797
2012-05-29;18.3731
2012-05-30;18.243
2012-05-31;17.9566
2012-06-01;18.6415
2012-06-02;19.2603
2012-06-03;16.7748
2012-06-04;15.739
2012-06-05;15.9521
2012-06-06;16.9152
2012-06-07;17.4396
2012-06-08;16.2411
2012-06-09;15.633
2012-06-10;15.7363
2012-06-11;15.8722
2012-06-12;15.044
2012-06-13;15.2176
2012-06-14;16.7143
2012-06-15;17.819
2012-06-16;17.8363
2012-06-17;17.9103
2012-06-18;17.9842
2012-06-19;17.8072
2012-06-20;19.2991
2012-06-21;18.9865
2012-06-22;17.596
2012-06-23;17.5088
2012-06-24;17.8154
2012-06-25;18.5925
2012-06-26;19.6312
2012-06-27;22.0642
2012-06-28;22.07
2012-06-29;20.4031
2012-06-30;20.0242
2012-07-01;17.6468
2012-07-02;17.8918
2012-07-03;19.6467
2012-07-04;20.0493
2012-07-05;19.0202
2012-07-06;18.1407
2012-07-07;18.8326
2012-07-08;18.7616
2012-07-09;18.6468
2012-07-10;18.34
2012-07-11;17.7033
2012-07-12;17.5077
2012-07-13;17.6228
2012-07-14;17.2681
2012-07-15;16.6733
2012-07-16;17.3902
2012-07-17;19.0199
2012-07-18;20.5676
2012-07-19;19.2004
2012-07-20;18.2018
2012-07-21;18.2484
2012-07-22;18.8524
2012-07-23;19.9668
2012-07-24;21.0485
2012-07-25;22.1094
2012-07-26;22.9244
2012-07-27;22.1656
2012-07-28;20.0535
2012-07-29;18.8482
2012-07-30;18.7187
2012-07-31;20.2325
2012-08-01;20.9176
2012-08-02;20.4527
2012-08-03;20.0395
2012-08-04;19.8945
2012-08-05;19.2841
2012-08-06;18.9559
2012-08-07;19.2739
2012-08-08;20.3182
2012-08-09;21.7072
2012-08-10;22.1037
2012-08-11;21.4403
2012-08-12;20.622
2012-08-13;20.8074
2012-08-14;21.5908
2012-08-15;21.4044
2012-08-16;20.6078
2012-08-17;22.6009
2012-08-18;23.7462
2012-08-19;23.9163
2012-08-20;23.2646
2012-08-21;22.9612
2012-08-22;21.1401
2012-08-23;20.6342
2012-08-24;20.5575
2012-08-25;20.0455
2012-08-26;18.9307
2012-08-27;20.1707
2012-08-28;20.0509
2012-08-29;19.9672
2012-08-30;18.3788
2012-08-31;16.718
2012-09-01;16.2117
2012-09-02;17.4394
2012-09-03;18.45
2012-09-04;19.1587
2012-09-05;19.524
2012-09-06;18.9325
2012-09-07;19.0504
2012-09-08;19.7105
2012-09-09;20.2406
2012-09-10;20.5055
2012-09-11;19.5797
2012-09-12;17.1198
2012-09-13;16.468
2012-09-14;16.6447
2012-09-15;17.3026
2012-09-16;17.4571
2012-09-17;18.1476
2012-09-18;17.4505
2012-09-19;15.9845
2012-09-20;15.5619
2012-09-21;16.6018
2012-09-22;17.3172
2012-09-23;18.5376
2012-09-24;17.9688
2012-09-25;16.4777
2012-09-26;15.6388
2012-09-27;15.6402
2012-09-28;15.8124
2012-09-29;15.8593
2012-09-30;15.3129
2012-10-01;15.7706
2012-10-02;16.4104
2012-10-03;16.4769
2012-10-04;16.821
2012-10-05;17.8073
2012-10-06;17.7798
2012-10-07;17.3464
2012-10-08;17.6479
2012-10-09;17.7639
2012-10-10;16.9666
2012-10-11;16.8048
2012-10-12;15.217
2012-10-13;13.3929
2012-10-14;12.7877
2012-10-15;12.5828
2012-10-16;13.4821
2012-10-17;15.9425
2012-10-18;16.9187
2012-10-19;16.9148
2012-10-20;16.5635
2012-10-21;17.2318
2012-10-22;16.7815
2012-10-23;15.9152
2012-10-24;15.2306
2012-10-25;14.7127
2012-10-26;14.0756
2012-10-27;10.2804
2012-10-28;9.16026
2012-10-29;9.69011
2012-10-30;10.3275
2012-10-31;11.4872
2012-11-01;12.1635
2012-11-02;12.8737
2012-11-03;13.4989
2012-11-04;13.3082
2012-11-05;12.3284
2012-11-06;11.2692
2012-11-07;10.931
2012-11-08;11.3632
2012-11-09;12.2869
2012-11-10;13.7106
2012-11-11;11.8126
2012-11-12;11.0717
2012-11-13;11.6237
2012-11-14;11.5894
2012-11-15;11.3596
2012-11-16;11.177
2012-11-17;12.7637
2012-11-18;12.6603
2012-11-19;12.035
2012-11-20;11.8077
2012-11-21;12.1645
2012-11-22;11.7537
2012-11-23;12.1847
2012-11-24;13.6934
2012-11-25;14.0063
2012-11-26;13.2047
2012-11-27;11.2885
2012-11-28;10.6827
2012-11-29;9.47059
2012-11-30;8.18987
2012-12-01;7.49367
2012-12-02;8.79167
2012-12-03;10.8884
2012-12-04;10.7309
2012-12-05;9.19872
2012-12-06;7.9632
2012-12-07;8.53275
2012-12-08;8.64706
2012-12-09;8.15217
2012-12-10;8.79741
2012-12-11;7.37815
2012-12-12;5.76939
2012-12-13;8.20211
2012-12-14;11.7357
2012-12-15;12.3066
2012-12-16;12.2255
2012-12-17;11.6589
2012-12-18;11.1326
2012-12-19;10.3361
2012-12-20;11.1734
2012-12-21;11.3583
2012-12-22;12.0042
2012-12-23;13.3531
2012-12-24;12.5684
2012-12-25;12.6448
2012-12-26;11.9723
2012-12-27;12.2073
2012-12-28;11.9165
2012-12-29;11.7275
2012-12-30;11.1766
2012-12-31;10.7936
2013-01-01;10.806
2013-01-02;9.65605
2013-01-03;10.6806
2013-01-04;11.5527
2013-01-05;10.9161
2013-01-06;10.3362
2013-01-07;9.98745
2013-01-08;9.1761
2013-01-09;9.21593
2013-01-10;10.5493
2013-01-11;10.0617
2013-01-12;8.82839
2013-01-13;8.35118
2013-01-14;7.33049
2013-01-15;7.70021
2013-01-16;6.69133
2013-01-17;5.32985
2013-01-18;5.7065
2013-01-19;7.62055
2013-01-20;7.91649
2013-01-21;8.32218
2013-01-22;8.44958
2013-01-23;8.12134
2013-01-24;7.59197
2013-01-25;6.78197
2013-01-26;8.0276
2013-01-27;9.52754
2013-01-28;10.4346
2013-01-29;11.9307
2013-01-30;12.9768
2013-01-31;12.6967
2013-02-01;12.5346
2013-02-02;9.73795
2013-02-03;8.72594
2013-02-04;11.5021
2013-02-05;10.5879
2013-02-06;9.21941
2013-02-07;8.08542
2013-02-08;7.55765
2013-02-09;7.31458
2013-02-10;7.88679
2013-02-11;8.16176
2013-02-12;7.80208
2013-02-13;7.69102
2013-02-14;8.57627
2013-02-15;9.5641
2013-02-16;8.59957
2013-02-17;8.22128
2013-02-18;8.79701
2013-02-19;8.73002
2013-02-20;8.85622
2013-02-21;7.75365
2013-02-22;6.22246
2013-02-23;5.36478
2013-02-24;6.09603
2013-02-25;6.68288
2013-02-26;7.0552
2013-02-27;7.67603
2013-02-28;8.3576
2013-03-01;8.56197
2013-03-02;8.51266
2013-03-03;8.90497
2013-03-04;10.8201
2013-03-05;12.7137
2013-03-06;13.0443
2013-03-07;13.7925
2013-03-08;13.5287
2013-03-09;12.9572
2013-03-10;11.9553
2013-03-11;10.6858
2013-03-12;8.92585
2013-03-13;6.44469
2013-03-14;6.50547
2013-03-15;7.92647
2013-03-16;9.44351
2013-03-17;10.3695
2013-03-18;9.60879
2013-03-19;10.1933
2013-03-20;10.5167
2013-03-21;11.0714
2013-03-22;12.5556
2013-03-23;12.1239
2013-03-24;11.1593
2013-03-25;10.5389
2013-03-26;9.94468
2013-03-27;9.92437
2013-03-28;9.91667
2013-03-29;10.3389
2013-03-30;10.5917
2013-03-31;9.76569
2013-04-01;9.87846
2013-04-02;10.6274
2013-04-03;10.2547
2013-04-04;10.0693
2013-04-05;9.65409
2013-04-06;9.58105
2013-04-07;10.4207
2013-04-08;10.8745
2013-04-09;12.0357
2013-04-10;13.3396
2013-04-11;14.19
2013-04-12;13.5031
2013-04-13;14.0042
2013-04-14;16.6167
2013-04-15;15.977
2013-04-16;15.6038
2013-04-17;17.2092
2013-04-18;15.3866
2013-04-19;12.7832
2013-04-20;11.6514
2013-04-21;11.9938
2013-04-22;12.73
2013-04-23;13.7929
2013-04-24;15.3326
2013-04-25;16.9123
2013-04-26;14.3797
2013-04-27;10.9455
2013-04-28;10.8616
2013-04-29;12.3264
2013-04-30;13.1471
2013-05-01;13.8889
2013-05-02;13.9579
2013-05-03;14.2965
2013-05-04;14.315
2013-05-05;15.2992
2013-05-06;15.9622
2013-05-07;16.3758
2013-05-08;16.3083
2013-05-09;15.5481
2013-05-10;14.5294
2013-05-11;14.2368
2013-05-12;13.6371
2013-05-13;14.3908
2013-05-14;14.5962
2013-05-15;13.5753
2013-05-16;12.4738
2013-05-17;12.9937
2013-05-18;13.3494
2013-05-19;13.0674
2013-05-20;12.9106
2013-05-21;13.3702
2013-05-22;13.9242
2013-05-23;12.858
2013-05-24;11.2729
2013-05-25;11.9896
2013-05-26;12.5916
2013-05-27;14.0106
2013-05-28;13.2699
2013-05-29;12.5316
2013-05-30;13.3862
2013-05-31;14.5666
2013-06-01;15.3862
2013-06-02;15.1962
2013-06-03;15.1548
2013-06-04;15.6879
2013-06-05;17.0764
2013-06-06;18.4183
2013-06-07;18.7887
2013-06-08;17.1213
2013-06-09;15.5607
2013-06-10;15.8674
2013-06-11;16.928
2013-06-12;18.5293
2013-06-13;17.0523
2013-06-14;16.7188
2013-06-15;17.5
2013-06-16;18.5639
2013-06-17;19.6493
2013-06-18;19.6068
2013-06-19;18.7883
2013-06-20;17.5861
2013-06-21;16.8979
2013-06-22;17.2558
2013-06-23;16.3937
2013-06-24;15.52
2013-06-25;15.8703
2013-06-26;16.3996
2013-06-27;16.3556
2013-06-28;16.2117
2013-06-29;16.7537
2013-06-30;17.5929
2013-07-01;18.2029
2013-07-02;18.4013
2013-07-03;17.5466
2013-07-04;18.31
2013-07-05;19.5233
2013-07-06;20.2469
2013-07-07;21.1649
2013-07-08;21.3138
2013-07-09;21.0481
2013-07-10;20.5607
2013-07-11;19.4591
2013-07-12;19.7626
2013-07-13;19.9703
2013-07-14;20.7311
2013-07-15;21.0042
2013-07-16;21.0877
2013-07-17;20.9223
2013-07-18;20.589
2013-07-19;20.8205
2013-07-20;21.462
2013-07-21;22.174
2013-07-22;22.4718
2013-07-23;21.2923
2013-07-24;21.304
2013-07-25;22.1674
2013-07-26;22.0104
2013-07-27;21.7106
2013-07-28;20.6191
2013-07-29;19.6229
2013-07-30;19.4853
2013-07-31;21.0693
2013-08-01;22.7521
2013-08-02;22.2848
2013-08-03;20.6736
2013-08-04;20.68
2013-08-05;20.9099
2013-08-06;19.9287
2013-08-07;18.8695
2013-08-08;18.5681
2013-08-09;18.8577
2013-08-10;19.0104
2013-08-11;19.4146
2013-08-12;19.6653
2013-08-13;18.7911
2013-08-14;18.773
2013-08-15;19.6844
2013-08-16;20.1628
2013-08-17;20.3199
2013-08-18;20.2615
2013-08-19;19.4081
2013-08-20;18.7954
2013-08-21;19.289
2013-08-22;20.2839
2013-08-23;20.6143
2013-08-24;18.7966
2013-08-25;17.1595
2013-08-26;17.6951
2013-08-27;17.8277
2013-08-28;17.7836
2013-08-29;17.9496
2013-08-30;18.4458
2013-08-31;18.6868
2013-09-01;17.9455
2013-09-02;18.1083
2013-09-03;18.9702
2013-09-04;20.4625
2013-09-05;20.6218
2013-09-06;18.8137
2013-09-07;16.9615
2013-09-08;16.678
2013-09-09;16.6695
2013-09-10;16.673
2013-09-11;15.7832
2013-09-12;16.154
2013-09-13;17.1691
2013-09-14;17.1908
2013-09-15;16.2055
2013-09-16;15.6514
2013-09-17;15.44
2013-09-18;17.1524
2013-09-19;15.9832
2013-09-20;16.7342
2013-09-21;16.6931
2013-09-22;17.5397
2013-09-23;17.7928
2013-09-24;17.773
2013-09-25;18.2489
2013-09-26;18.9213
2013-09-27;19.2115
2013-09-28;18.8142
2013-09-29;17.728
2013-09-30;17.3256
2013-10-01;17.6029
2013-10-02;18.2702
2013-10-03;18.6277
2013-10-04;18.0774
2013-10-05;17.0314
2013-10-06;16.0084
2013-10-07;15.6398
2013-10-08;15.6977
2013-10-09;15.8
2013-10-10;13.8457
2013-10-11;12.2426
2013-10-12;11.9767
2013-10-13;12.9579
2013-10-14;15.1663
2013-10-15;15.1867
2013-10-16;15.8917
2013-10-17;15.882
2013-10-18;15.0427
2013-10-19;16.7538
2013-10-20;16.8035
2013-10-21;17.0804
2013-10-22;17.9845
2013-10-23;17.1535
2013-10-24;15.9892
2013-10-25;17.6039
2013-10-26;17.6674
2013-10-27;16.4204
2013-10-28;15.9936
2013-10-29;13.5775
2013-10-30;12.525
2013-10-31;12.3962
2013-11-01;13.4097
2013-11-02;15.458
2013-11-03;13.5167
2013-11-04;13.0689
2013-11-05;12.9875
2013-11-06;15.6342
2013-11-07;15.684
2013-11-08;14.2409
2013-11-09;12.5773
2013-11-10;12.5805
2013-11-11;11.2803
2013-11-12;12.4017
2013-11-13;12.1814
2013-11-14;10.6888
2013-11-15;10.1221
2013-11-16;9.97463
2013-11-17;10.0449
2013-11-18;10.4831
2013-11-19;9.9206
2013-11-20;8.6051
2013-11-21;8.13203
2013-11-22;7.7069
2013-11-23;8.74946
2013-11-24;9.14477
2013-11-25;8.5255
2013-11-26;7.86784
2013-11-27;7.67387
2013-11-28;6.79258
2013-11-29;8.62876
2013-11-30;9.5
2013-12-01;8.55411
2013-12-02;9.04329
2013-12-03;8.29677
2013-12-04;8.32462
2013-12-05;9.15401
2013-12-06;9.37111
2013-12-07;8.88696
2013-12-08;8.36264
2013-12-09;7.64
2013-12-10;7.50667
2013-12-11;8.20215
2013-12-12;8.07174
2013-12-13;8.57816
2013-12-14;9.65495
2013-12-15;9.78478
2013-12-16;10.4707
2013-12-17;10.2857
2013-12-18;11.1015
2013-12-19;11.0996
2013-12-20;9.63226
2013-12-21;9.62851
2013-12-22;11.641
2013-12-23;11.6346
2013-12-24;12.8517
2013-12-25;11.3803
2013-12-26;9.68162
2013-12-27;11.2702
2013-12-28;11.0299
2013-12-29;9.67377
2013-12-30;9.15565
2013-12-31;9.92308
2014-01-01;11.0404
2014-01-02;12.0957
2014-01-03;12.4298
2014-01-04;12.0065
2014-01-05;10.5338
2014-01-06;12.3646
2014-01-07;12.7413
2014-01-08;12.3074
2014-01-09;11.9048
2014-01-10;10.0758
2014-01-11;10.4685
2014-01-12;10.3109
2014-01-13;10.4803
2014-01-14;9.20607
2014-01-15;9.61926
2014-01-16;10.7478
2014-01-17;10.6868
2014-01-18;10.6117
2014-01-19;9.77511
2014-01-20;9.0819
2014-01-21;8.38478
2014-01-22;8.56522
2014-01-23;10.1805
2014-01-24;9.91649
2014-01-25;9.9718
2014-01-26;10.8044
2014-01-27;9.25272
2014-01-28;8.65132
2014-01-29;8.43573
2014-01-30;8.45534
2014-01-31;8.48261
2014-02-01;9.37391
2014-02-02;8.90414
2014-02-03;8.86492
2014-02-04;9.75497
2014-02-05;10.2882
2014-02-06;10.9522
2014-02-07;11.3406
2014-02-08;10.1217
2014-02-09;9.9026
2014-02-10;9.95011
2014-02-11;9.5423
2014-02-12;9.54484
2014-02-13;9.91685
2014-02-14;11.0068
2014-02-15;11.3273
2014-02-16;10.0944
2014-02-17;9.74607
2014-02-18;9.99545
2014-02-19;10.8086
2014-02-20;11.1032
2014-02-21;9.64665
2014-02-22;9.57208
2014-02-23;10.6018
2014-02-24;10.8935
2014-02-25;10.4
2014-02-26;9.03881
2014-02-27;8.95632
2014-02-28;9.01831
2014-03-01;8.72603
2014-03-02;8.81628
2014-03-03;9.10369
2014-03-04;9.44419
2014-03-05;9.94305
2014-03-06;10.2799
2014-03-07;10.5835
2014-03-08;12.4118
2014-03-09;13.0635
2014-03-10;12.4298
2014-03-11;12.3794
2014-03-12;12.5776
2014-03-13;12.4979
2014-03-14;12.6918
2014-03-15;12.4349
2014-03-16;12.9573
2014-03-17;12.7002
2014-03-18;12.591
2014-03-19;13.1453
2014-03-20;13.6753
2014-03-21;13.7399
2014-03-22;11.7953
2014-03-23;10.0667
2014-03-24;9.83369
2014-03-25;10.2043
2014-03-26;9.93777
2014-03-27;9.83369
2014-03-28;11.4116
2014-03-29;13.6077
2014-03-30;14.2339
2014-03-31;14.2946
2014-04-01;14.8084
2014-04-02;15.7678
2014-04-03;14.9937
2014-04-04;14.0653
2014-04-05;14.1321
2014-04-06;15.4916
2014-04-07;16.2706
2014-04-08;13.8745
2014-04-09;13.1087
2014-04-10;13.9534
2014-04-11;14.3763
2014-04-12;14.3916
2014-04-13;14.5497
2014-04-14;14.4723
2014-04-15;13.6237
2014-04-16;13.6247
2014-04-17;14.1576
2014-04-18;14.1197
2014-04-19;12.74
2014-04-20;12.9224
2014-04-21;13.8789
2014-04-22;14.5817
2014-04-23;15.16
2014-04-24;15.3157
2014-04-25;14.5362
2014-04-26;13.9681
2014-04-27;13.265
2014-04-28;13.4056
2014-04-29;14.0475
2014-04-30;14.362
2014-05-01;14.4026
2014-05-02;13.6718
2014-05-03;13.179
2014-05-04;13.2719
2014-05-05;15.2124
2014-05-06;15.4159
2014-05-07;15.1466
2014-05-08;15.1685
2014-05-09;15.8164
2014-05-10;15.3844
2014-05-11;14.2604
2014-05-12;13.3426
2014-05-13;13.1553
2014-05-14;13.964
2014-05-15;14.2516
2014-05-16;14.8089
2014-05-17;15.7489
2014-05-18;16.4968
2014-05-19;16.9574
2014-05-20;16.5335
2014-05-21;16.6512
2014-05-22;16.1402
2014-05-23;14.7161
2014-05-24;14.522
2014-05-25;15.0711
2014-05-26;14.8782
2014-05-27;14.5886
2014-05-28;14.7606
2014-05-29;15.6329
2014-05-30;16.0167
2014-05-31;15.9785
2014-06-01;16.1066
2014-06-02;16.4442
2014-06-03;16.5422
2014-06-04;15.2918
2014-06-05;16.2442
2014-06-06;18.9727
2014-06-07;19.975
2014-06-08;20.5221
2014-06-09;20.9168
2014-06-10;20.1807
2014-06-11;19.7979
2014-06-12;20.4664
2014-06-13;20.2788
2014-06-14;18.8382
2014-06-15;17.6134
2014-06-16;18.023
2014-06-17;17.2675
2014-06-18;17.3418
2014-06-19;17.8207
2014-06-20;18.5307
2014-06-21;19.0934
2014-06-22;19.5116
2014-06-23;18.8017
2014-06-24;18.7684
2014-06-25;18.6639
2014-06-26;18.4612
2014-06-27;18.8126
2014-06-28;18.2084
2014-06-29;16.7841
2014-06-30;17.0424
2014-07-01;18.346
2014-07-02;18.9202
2014-07-03;20.0532
2014-07-04;19.5693
2014-07-05;19.2096
2014-07-06;18.8499
2014-07-07;17.1456
2014-07-08;16.9368
2014-07-09;16.6653
2014-07-10;16.8926
2014-07-11;17.4968
2014-07-12;17.7479
2014-07-13;17.8
2014-07-14;18.2955
2014-07-15;19.1484
2014-07-16;20.6926
2014-07-17;22.1054
2014-07-18;21.9226
2014-07-19;21.2495
2014-07-20;19.3297
2014-07-21;18.952
2014-07-22;19.4359
2014-07-23;20.7431
2014-07-24;20.9043
2014-07-25;20.0174
2014-07-26;20.2565
2014-07-27;20.2974
2014-07-28;18.3821
2014-07-29;17.5844
2014-07-30;18.9655
2014-07-31;19.3782
2014-08-01;19.5548
2014-08-02;18.9649
2014-08-03;18.7807
2014-08-04;18.5839
2014-08-05;19.3383
2014-08-06;19.0558
2014-08-07;19.8333
2014-08-08;19.7403
2014-08-09;19.3391
2014-08-10;20.0907
2014-08-11;18.4179
2014-08-12;18.2817
2014-08-13;17.1535
2014-08-14;16.7952
2014-08-15;16.9194
2014-08-16;17.1348
2014-08-17;17.2343
2014-08-18;17.2725
2014-08-19;16.8796
2014-08-20;16.2398
2014-08-21;16.2698
2014-08-22;16.357
2014-08-23;16.7261
2014-08-24;16.5329
2014-08-25;17.6485
2014-08-26;18.5169
2014-08-27;18.6123
2014-08-28;19.1404
2014-08-29;18.8734
2014-08-30;18.4214
2014-08-31;18.2301
2014-09-01;17.5924
2014-09-02;18.0385
2014-09-03;18.2269
2014-09-04;18.4482
2014-09-05;18.9444
2014-09-06;19.1087
2014-09-07;19.6186
2014-09-08;19.6448
2014-09-09;19.0421
2014-09-10;18.6186
2014-09-11;17.8994
2014-09-12;17.4926
2014-09-13;17.9143
2014-09-14;18.1486
2014-09-15;18.6237
2014-09-16;19.0903
2014-09-17;19.7457
2014-09-18;19.4402
2014-09-19;19.0837
2014-09-20;18.9214
2014-09-21;18.0471
2014-09-22;16.4454
2014-09-23;15.3606
2014-09-24;15.1026
2014-09-25;15.203
2014-09-26;15.5934
2014-09-27;16.8249
2014-09-28;17.523
2014-09-29;17.8915
2014-09-30;17.5965
2014-10-01;17.6552
2014-10-02;17.4447
2014-10-03;17.341
2014-10-04;16.7907
2014-10-05;15.0732
2014-10-06;15.1709
2014-10-07;16.7116
2014-10-08;17.5805
2014-10-09;17.5342
2014-10-10;16.693
2014-10-11;16.5418
2014-10-12;16.6758
2014-10-13;16.1106
2014-10-14;15.7197
2014-10-15;16.1845
2014-10-16;17.3375
2014-10-17;17.5401
2014-10-18;18.2076
2014-10-19;18.2584
2014-10-20;17.2851
2014-10-21;16.4486
2014-10-22;13.5705
2014-10-23;13.8218
2014-10-24;14.5304
2014-10-25;15.1681
2014-10-26;14.9471
2014-10-27;14.4545
2014-10-28;14.4414
2014-10-29;14.6534
2014-10-30;15.3333
2014-10-31;15.6282
2014-11-01;15.3199
2014-11-02;15.2234
2014-11-03;14.8962
2014-11-04;13.2184
2014-11-05;11.9979
2014-11-06;11.4277
2014-11-07;12.6732
2014-11-08;12.7822
2014-11-09;12.5949
2014-11-10;12.8165
2014-11-11;13.3269
2014-11-12;13.4355
2014-11-13;13.1215
2014-11-14;13.6175
2014-11-15;13.0315
2014-11-16;11.9936
2014-11-17;11.7903
2014-11-18;12.195
2014-11-19;11.5751
2014-11-20;12.1579
2014-11-21;13.063
2014-11-22;14.3263
2014-11-23;15.3652
2014-11-24;14.7361
2014-11-25;13.9726
2014-11-26;13.6004
2014-11-27;13.0826
2014-11-28;13.8925
2014-11-29;13.2675
2014-11-30;11.804
2014-12-01;10.1681
2014-12-02;9.35837
2014-12-03;8.79957
2014-12-04;8.79004
2014-12-05;9.36501
2014-12-06;8.7905
2014-12-07;9.06466
2014-12-08;9.34698
2014-12-09;8.5515
2014-12-10;9.95975
2014-12-11;11.3247
2014-12-12;11.3384
2014-12-13;10.8966
2014-12-14;10.2311
2014-12-15;10.9503
2014-12-16;11.1054
2014-12-17;11.834
2014-12-18;13.5216
2014-12-19;13.1013
2014-12-20;11.75
2014-12-21;10.5582
2014-12-22;10.4471
2014-12-23;10.1509
2014-12-24;10.75
2014-12-25;10.5858
2014-12-26;9.58898
2014-12-27;9.89195
2014-12-28;7.21186
2014-12-29;5.77754
2014-12-30;6.60171
2014-12-31;6.62716
2015-01-01;6.7115
2015-01-02;9.15812
2015-01-03;11.434
2015-01-04;11.6075
2015-01-05;9.13987
2015-01-06;8.6569
2015-01-07;9.1962
2015-01-08;11.1097
2015-01-09;12.7891
2015-01-10;13.95
2015-01-11;11.261
2015-01-12;10.717
2015-01-13;11.929
2015-01-14;11.3737
2015-01-15;11.85
2015-01-16;10.8125
2015-01-17;8.98333
2015-01-18;8.0501
2015-01-19;8.13542
2015-01-20;7.67292
2015-01-21;7.82427
2015-01-22;7.9125
2015-01-23;7.54167
2015-01-24;8.00835
2015-01-25;8.3875
2015-01-26;9.3375
2015-01-27;9.5428
2015-01-28;10.1354
2015-01-29;10.2594
2015-01-30;9.00842
2015-01-31;8.41458
2015-02-01;8.22803
2015-02-02;7.73958
2015-02-03;7.17447
2015-02-04;7.26282
2015-02-05;6.83011
2015-02-06;6.50211
2015-02-07;6.9875
2015-02-08;7.86848
2015-02-09;7.8954
2015-02-10;8.50833
2015-02-11;8.86639
2015-02-12;9.23382
2015-02-13;10.5958
2015-02-14;10.6394
2015-02-15;9.9375
2015-02-16;9.51883
2015-02-17;10.0211
2015-02-18;9.38703
2015-02-19;9.39457
2015-02-20;10.6602
2015-02-21;9.45833
2015-02-22;8.94945
2015-02-23;10.7209
2015-02-24;9.75641
2015-02-25;10.5854
2015-02-26;11.7104
2015-02-27;10.1253
2015-02-28;10.0021
2015-03-01;12.5813
2015-03-02;12.5021
2015-03-03;11.3042
2015-03-04;9.23913
2015-03-05;8.20681
2015-03-06;8.64663
2015-03-07;9.7852
2015-03-08;10.2235
2015-03-09;10.4309
2015-03-10;10.956
2015-03-11;11.776
2015-03-12;10.5576
2015-03-13;9.34475
2015-03-14;8.34038
2015-03-15;8.35765
2015-03-16;9.21478
2015-03-17;10.7218
2015-03-18;11.868
2015-03-19;10.8651
2015-03-20;10.5406
2015-03-21;10.105
2015-03-22;9.37385
2015-03-23;10.0137
2015-03-24;9.90888
2015-03-25;8.26066
2015-03-26;9.3271
2015-03-27;10.7366
2015-03-28;11.7518
2015-03-29;12.4124
2015-03-30;12.9241
2015-03-31;12.8958
2015-04-01;10.731
2015-04-02;10.873
2015-04-03;11.2877
2015-04-04;11.0845
2015-04-05;9.83565
2015-04-06;9.8
2015-04-07;10.7685
2015-04-08;11.4
2015-04-09;12.8788
2015-04-10;13.0509
2015-04-11;12.4778
2015-04-12;13.2719
2015-04-13;14.6991
2015-04-14;16.2854
2015-04-15;16.5806
2015-04-16;15.0506
2015-04-17;13.742
2015-04-18;13.129
2015-04-19;12.2864
2015-04-20;13.5885
2015-04-21;14.679
2015-04-22;14.7925
2015-04-23;14.28
2015-04-24;14.4256
2015-04-25;14.8146
2015-04-26;14.377
2015-04-27;12.6276
2015-04-28;11.3149
2015-04-29;11.7775
2015-04-30;12.6233
2015-05-01;13.2609
2015-05-02;14.712
2015-05-03;16.0856
2015-05-04;16.3118
2015-05-05;16.1563
2015-05-06;14.4232
2015-05-07;14.1814
2015-05-08;14.8998
2015-05-09;15.8116
2015-05-10;16.3934
2015-05-11;17.7407
2015-05-12;16.9009
2015-05-13;16.5626
2015-05-14;14.8815
2015-05-15;12.5721
2015-05-16;13.5036
2015-05-17;14.8791
2015-05-18;14.8109
2015-05-19;12.8119
2015-05-20;11.9553
2015-05-21;12.6218
2015-05-22;14.0235
2015-05-23;15.5409
2015-05-24;15.8662
2015-05-25;15.6848
2015-05-26;14.7458
2015-05-27;14.9761
2015-05-28;15.7067
2015-05-29;15.2402
2015-05-30;15.4833
2015-05-31;16.186
2015-06-01;15.2506
2015-06-02;17.4591
2015-06-03;18.0905
2015-06-04;20.1019
2015-06-05;20.6963
2015-06-06;18.352
2015-06-07;18.3428
2015-06-08;17.9716
2015-06-09;16.7664
2015-06-10;16.8585
2015-06-11;19.1335
2015-06-12;17.9675
2015-06-13;17.4668
2015-06-14;16.6525
2015-06-15;16.6425
2015-06-16;16.3224
2015-06-17;17.1197
2015-06-18;17.2108
2015-06-19;17.4186
2015-06-20;17.3265
2015-06-21;18.3607
2015-06-22;17.7079
2015-06-23;16.605
2015-06-24;17.8797
2015-06-25;19.1187
2015-06-26;20.2055
2015-06-27;19.3571
2015-06-28;19.8383
2015-06-29;20.7346
2015-06-30;22.8621
2015-07-01;22.9841
2015-07-02;22.2274
2015-07-03;23.1051
2015-07-04;23.1256
2015-07-05;21.5058
2015-07-06;21.6825
2015-07-07;21.5182
2015-07-08;18.9459
2015-07-09;18.5864
2015-07-10;20.593
2015-07-11;20.3386
2015-07-12;19.5622
2015-07-13;20.3065
2015-07-14;20.3618
2015-07-15;21.6752
2015-07-16;22.5995
2015-07-17;22.228
2015-07-18;21.2711
2015-07-19;20.8135
2015-07-20;21.3741
2015-07-21;22.0134
2015-07-22;20.819
2015-07-23;20.2222
2015-07-24;20.3986
2015-07-25;18.5388
2015-07-26;17.1631
2015-07-27;18.7681
2015-07-28;17.8534
2015-07-29;17.5899
2015-07-30;16.6797
2015-07-31;16.8682
2015-08-01;17.8258
2015-08-02;20.3639
2015-08-03;22.0024
2015-08-04;19.9601
2015-08-05;20.9697
2015-08-06;21.5796
2015-08-07;21.7159
2015-08-08;20.0976
2015-08-09;19.0184
2015-08-10;19.5938
2015-08-11;20.7327
2015-08-12;22.3833
2015-08-13;20.7648
2015-08-14;18.4929
2015-08-15;16.5612
2015-08-16;15.8065
2015-08-17;16.7153
2015-08-18;16.6611
2015-08-19;17.3113
2015-08-20;18.5293
2015-08-21;20.2246
2015-08-22;20.1862
2015-08-23;18.1144
2015-08-24;17.1079
2015-08-25;17.122
2015-08-26;19.1825
2015-08-27;18.5947
2015-08-28;19.3726
2015-08-29;21.2798
2015-08-30;21.9063
2015-08-31;20.6241
2015-09-01;17.8432
2015-09-02;16.4836
2015-09-03;15.8458
2015-09-04;15.3128
2015-09-05;15.4429
2015-09-06;15.2114
2015-09-07;15.3785
2015-09-08;16.133
2015-09-09;16.8436
2015-09-10;16.9808
2015-09-11;16.92
2015-09-12;17.2306
2015-09-13;16.2782
2015-09-14;15.6929
2015-09-15;15.0943
2015-09-16;17.9634
2015-09-17;16.0434
2015-09-18;15.4101
2015-09-19;15.0495
2015-09-20;14.4463
2015-09-21;14.4593
2015-09-22;14.285
2015-09-23;13.7386
2015-09-24;14.1531
2015-09-25;14.9149
2015-09-26;14.5429
2015-09-27;14.7729
2015-09-28;14.3995
2015-09-29;13.9803
2015-09-30;14.6405
2015-10-01;12.9553
2015-10-02;13.0442
2015-10-03;13.4763
2015-10-04;13.9699
2015-10-05;16.6456
2015-10-06;16.9345
2015-10-07;14.5238
2015-10-08;13.6549
2015-10-09;13.0862
2015-10-10;13.5887
2015-10-11;13.8696
2015-10-12;13.1976
2015-10-13;12.2212
2015-10-14;10.137
2015-10-15;9.20853
2015-10-16;9.27381
2015-10-17;10.7126
2015-10-18;11.3962
2015-10-19;11.6659
2015-10-20;11.5489
2015-10-21;11.2602
2015-10-22;12.2692
2015-10-23;13.0948
2015-10-24;12.9575
2015-10-25;12.9314
2015-10-26;13.6005
2015-10-27;13.8768
2015-10-28;12.7133
2015-10-29;12.5724
2015-10-30;13.0863
2015-10-31;13.1473
2015-11-01;12.7318
2015-11-02;12.3726
2015-11-03;13.3634
2015-11-04;14.0882
2015-11-05;14.0115
2015-11-06;14.7039
2015-11-07;15.507
2015-11-08;14.6643
2015-11-09;14.5201
2015-11-10;13.2343
2015-11-11;12.3506
2015-11-12;12.9451
2015-11-13;12.3039
2015-11-14;11.7012
2015-11-15;12.4062
2015-11-16;12.1514
2015-11-17;13.2976
2015-11-18;14.0986
2015-11-19;14.3709
2015-11-20;13.2823
2015-11-21;8.98565
2015-11-22;6.86792
2015-11-23;6.2783
2015-11-24;6.50957
2015-11-25;9.93303
2015-11-26;8.96675
2015-11-27;7.68613
2015-11-28;8.66434
2015-11-29;10.5738
2015-11-30;11.4528
2015-12-01;10.8489
2015-12-02;9.58216
2015-12-03;9.0933
2015-12-04;10.28
2015-12-05;9.14692
2015-12-06;11.3271
2015-12-07;11.6694
2015-12-08;11.2071
2015-12-09;9.34867
2015-12-10;7.58156
2015-12-11;9.48961
2015-12-12;10.039
2015-12-13;8.99299
2015-12-14;9.0716
2015-12-15;11.0597
2015-12-16;12.1995
2015-12-17;12.5607
2015-12-18;12.4522
2015-12-19;12.3295
2015-12-20;12.1627
2015-12-21;11.7512
2015-12-22;11.7271
2015-12-23;11.5576
2015-12-24;11.7385
2015-12-25;12.0591
2015-12-26;11.1324
2015-12-27;10.8501
2015-12-28;10.7755
2015-12-29;10.4306
2015-12-30;10.0453
2015-12-31;10.7822
2016-01-01;9.34709
2016-01-02;10.5589
2016-01-03;9.30353
2016-01-04;10.0802
2016-01-05;8.97902
2016-01-06;9.32353
2016-01-07;10.5553
2016-01-08;10.3423
2016-01-09;10.7206
2016-01-10;10.2431
2016-01-11;10.2541
2016-01-12;9.42032
2016-01-13;8.11778
2016-01-14;7.63294
2016-01-15;6.72644
2016-01-16;6.25926
2016-01-17;6.10274
2016-01-18;5.49318
2016-01-19;6.20366
2016-01-20;6.05374
2016-01-21;5.92111
2016-01-22;7.60369
2016-01-23;9.74318
2016-01-24;9.76712
2016-01-25;10.6914
2016-01-26;11.1198
2016-01-27;11.8045
2016-01-28;10.5241
2016-01-29;10.1556
2016-01-30;10.195
2016-01-31;12.1803
2016-02-01;12.8141
2016-02-02;11.544
2016-02-03;9.42299
2016-02-04;9.18493
2016-02-05;10.7294
2016-02-06;11.2742
2016-02-07;10.0416
2016-02-08;10.8449
2016-02-09;9.78422
2016-02-10;7.8076
2016-02-11;7.60698
2016-02-12;8.60829
2016-02-13;10.1837
2016-02-14;9.35763
2016-02-15;7.38009
2016-02-16;6.51422
2016-02-17;6.19728
2016-02-18;6.87385
2016-02-19;7.91196
2016-02-20;9.82759
2016-02-21;11.8516
2016-02-22;11.2217
2016-02-23;10.4502
2016-02-24;9.55856
2016-02-25;8.88209
2016-02-26;8.05708
2016-02-27;8.36569
2016-02-28;8.32063
2016-02-29;8.21429
2016-03-01;9.15
2016-03-02;10.6199
2016-03-03;9.60633
2016-03-04;9.53139
2016-03-05;8.44851
2016-03-06;7.81093
2016-03-07;7.43021
2016-03-08;7.53047
2016-03-09;8.58837
2016-03-10;9.10787
2016-03-11;9.35135
2016-03-12;9.23371
2016-03-13;9.37472
2016-03-14;9.73853
2016-03-15;9.8945
2016-03-16;8.75414
2016-03-17;8.93607
2016-03-18;9.86504
2016-03-19;10.0984
2016-03-20;10.0207
2016-03-21;10.7735
2016-03-22;10.875
2016-03-23;10.5158
2016-03-24;10.6509
2016-03-25;11.045
2016-03-26;12.8303
2016-03-27;11.3179
2016-03-28;11.9021
2016-03-29;12.059
2016-03-30;12.6869
2016-03-31;11.9213
2016-04-01;11.0441
2016-04-02;11.7059
2016-04-03;14.1592
2016-04-04;13.2506
2016-04-05;12.8758
2016-04-06;12.7018
2016-04-07;11.566
2016-04-08;11.0378
2016-04-09;10.9226
2016-04-10;12.5782
2016-04-11;13.2161
2016-04-12;13.2506
2016-04-13;12.9692
2016-04-14;12.9646
2016-04-15;14.2577
2016-04-16;13.8097
2016-04-17;11.9198
2016-04-18;11.204
2016-04-19;12.7143
2016-04-20;14.1723
2016-04-21;14.7737
2016-04-22;14.1915
2016-04-23;12.6477
2016-04-24;10.473
2016-04-25;10.8516
2016-04-26;11
2016-04-27;10.6711
2016-04-28;10.922
2016-04-29;11.9267
2016-04-30;11.1152
2016-05-01;10.9795
2016-05-02;13.3112
2016-05-03;13.4837
2016-05-04;14.1843
2016-05-05;15.3885
2016-05-06;16.1457
2016-05-07;16.5793
2016-05-08;16.4447
2016-05-09;16.2652
2016-05-10;16.2821
2016-05-11;14.7783
2016-05-12;14.6273
2016-05-13;15.1702
2016-05-14;13.601
2016-05-15;13.0025
2016-05-16;13.7775
2016-05-17;14.3285
2016-05-18;14.5358
2016-05-19;14.0977
2016-05-20;15.7611
2016-05-21;17.6042
2016-05-22;15.1567
2016-05-23;13.9057
2016-05-24;13.988
2016-05-25;15.6871
2016-05-26;16.9712
2016-05-27;18.1325
2016-05-28;17.5852
2016-05-29;16.1407
2016-05-30;15.8458
2016-05-31;15.3628
2016-06-01;15.615
2016-06-02;15.7212
2016-06-03;15.9562
2016-06-04;16.5477
2016-06-05;17.4967
2016-06-06;18.6217
2016-06-07;18.6755
2016-06-08;18.8129
2016-06-09;18.9605
2016-06-10;18.2391
2016-06-11;17.5152
2016-06-12;17.3125
2016-06-13;17.2294
2016-06-14;16.5033
2016-06-15;16.1269
2016-06-16;15.6035
2016-06-17;16.0311
2016-06-18;16.1063
2016-06-19;16.4191
2016-06-20;17.0813
2016-06-21;18.9438
2016-06-22;21.3348
2016-06-23;21.5682
2016-06-24;19.9691
2016-06-25;18.3742
2016-06-26;17.4357
2016-06-27;17.7026
2016-06-28;18.6807
2016-06-29;18.5625
2016-06-30;19.0488
2016-07-01;19.2063
2016-07-02;17.936
2016-07-03;17.7719
2016-07-04;18.8796
2016-07-05;19.125
2016-07-06;19.2088
2016-07-07;19.9317
2016-07-08;20.5154
2016-07-09;20.7237
2016-07-10;21.1796
2016-07-11;19.8777
2016-07-12;18.25
2016-07-13;16.8431
2016-07-14;16.186
2016-07-15;17.3173
2016-07-16;19.211
2016-07-17;20.8808
2016-07-18;22.2522
2016-07-19;23.6978
2016-07-20;21.6294
2016-07-21;20.6236
2016-07-22;19.755
2016-07-23;19.7461
2016-07-24;20.8096
2016-07-25;20.7771
2016-07-26;20.4622
2016-07-27;20.0948
2016-07-28;19.6275
2016-07-29;20.6509
2016-07-30;20.5801
2016-07-31;19.4137
2016-08-01;19.4159
2016-08-02;19.8996
2016-08-03;21.0245
2016-08-04;19.0133
2016-08-05;18.7366
2016-08-06;19.2622
2016-08-07;20.3282
2016-08-08;20.4139
2016-08-09;18.4158
2016-08-10;16.7961
2016-08-11;17.083
2016-08-12;18.9563
2016-08-13;20.0664
2016-08-14;21.1406
2016-08-15;21.7016
2016-08-16;22.2014
2016-08-17;21.0287
2016-08-18;20.02
2016-08-19;19.5796
2016-08-20;18.8422
2016-08-21;18.2549
2016-08-22;19.8904
2016-08-23;22.256
2016-08-24;22.4891
2016-08-25;23.0789
2016-08-26;22.5376
2016-08-27;22.5584
2016-08-28;20.7661
2016-08-29;19.9735
2016-08-30;19.3834
2016-08-31;20.2171
2016-09-01;20.8747
2016-09-02;20.6049
2016-09-03;20.9633
2016-09-04;20.291
2016-09-05;19.941
2016-09-06;21.0691
2016-09-07;21.1054
2016-09-08;20.1901
2016-09-09;19.9912
2016-09-10;20.3556
2016-09-11;20.0948
2016-09-12;21.671
2016-09-13;21.9077
2016-09-14;18.9891
2016-09-15;17.6346
2016-09-16;17.0283
2016-09-17;16.2961
2016-09-18;16.28
2016-09-19;16.8026
2016-09-20;16.787
2016-09-21;16.9803
2016-09-22;16.932
2016-09-23;17.5313
2016-09-24;18.0148
2016-09-25;17.6782
2016-09-26;16.6638
2016-09-27;17.2489
2016-09-28;17.9605
2016-09-29;17.9418
2016-09-30;17.4956
2016-10-01;16.7187
2016-10-02;15.915
2016-10-03;15.404
2016-10-04;15.8246
2016-10-05;15.4955
2016-10-06;13.6162
2016-10-07;13.4837
2016-10-08;14.157
2016-10-09;13.3632
2016-10-10;12.588
2016-10-11;12.1195
2016-10-12;12.5854
2016-10-13;12.9933
2016-10-14;13.4788
2016-10-15;14.3894
2016-10-16;15.031
2016-10-17;15.3578
2016-10-18;14.5011
2016-10-19;13.4911
2016-10-20;13.1242
2016-10-21;12.614
2016-10-22;12.8348
2016-10-23;13.7785
2016-10-24;15.7199
2016-10-25;15.3666
2016-10-26;14.5721
2016-10-27;13.8809
2016-10-28;13.6989
2016-10-29;13.8634
2016-10-30;14.0965
2016-10-31;13.9978
2016-11-01;13.6302
2016-11-02;13.0719
2016-11-03;11.4923
2016-11-04;12.2731
2016-11-05;13.2435
2016-11-06;10.8596
2016-11-07;10.0043
2016-11-08;10.0142
2016-11-09;11.3905
2016-11-10;12.644
2016-11-11;12.2194
2016-11-12;10.7576
2016-11-13;12.2522
2016-11-14;11.3253
2016-11-15;11.7506
2016-11-16;13.0044
2016-11-17;13.7077
2016-11-18;13.0548
2016-11-19;12.131
2016-11-20;14.2179
2016-11-21;14.8409
2016-11-22;13.3428
2016-11-23;13.5131
2016-11-24;13.5411
2016-11-25;12.3054
2016-11-26;11.5618
2016-11-27;11.4013
2016-11-28;10.0412
2016-11-29;8.43255
2016-11-30;8.46767
2016-12-01;8.55195
2016-12-02;8.94635
2016-12-03;9.08994
2016-12-04;9.47403
2016-12-05;10.6695
2016-12-06;10.6194
2016-12-07;10.2702
2016-12-08;10.4073
2016-12-09;10.6141
2016-12-10;10.138
2016-12-11;10.4591
2016-12-12;10.3128
2016-12-13;10.5378
2016-12-14;10.3355
2016-12-15;10.0938
2016-12-16;10.9574
2016-12-17;9.56809
2016-12-18;8.44609
2016-12-19;8.49057
2016-12-20;8.56237
2016-12-21;9.33755
2016-12-22;10.2121
2016-12-23;10.7691
2016-12-24;11.5862
2016-12-25;12.0343
2016-12-26;11.4968
2016-12-27;9.15699
2016-12-28;8.54526
2016-12-29;7.54968
2016-12-30;6.76573
2016-12-31;5.67325
2017-01-01;6.49336
2017-01-02;7.14629
2017-01-03;6.49784
2017-01-04;7.06034
2017-01-05;7.61853
2017-01-06;5.90426
2017-01-07;5.60043
2017-01-08;8.42733
2017-01-09;8.35792
2017-01-10;8.80346
2017-01-11;9.99569
2017-01-12;10.5788
2017-01-13;8.34267
2017-01-14;7.86864
2017-01-15;8.07006
2017-01-16;7.67957
2017-01-17;5.4721
2017-01-18;5.03888
2017-01-19;4.87253
2017-01-20;5.64425
2017-01-21;6.29322
2017-01-22;6.28035
2017-01-23;6.88596
2017-01-24;6.39046
2017-01-25;5.85652
2017-01-26;6.1453
2017-01-27;9.431
2017-01-28;10.4392
2017-01-29;10.0853
2017-01-30;11.1824
2017-01-31;12.0976
2017-02-01;11.9264
2017-02-02;12.4371
2017-02-03;10.9956
2017-02-04;10.9485
2017-02-05;10.4368
2017-02-06;9.74514
2017-02-07;10.9237
2017-02-08;9.51957
2017-02-09;7.98652
2017-02-10;8.33333
2017-02-11;8.46398
2017-02-12;10.1191
2017-02-13;12.1478
2017-02-14;12.1649
2017-02-15;12.6186
2017-02-16;11.8182
2017-02-17;11.1435
2017-02-18;10.4784
2017-02-19;10.515
2017-02-20;11.4684
2017-02-21;12.5375
2017-02-22;12.3863
2017-02-23;11.3664
2017-02-24;10.2457
2017-02-25;9.41228
2017-02-26;11.1328
2017-02-27;11.7294
2017-02-28;10.2581
2017-03-01;11.0541
2017-03-02;11.9306
2017-03-03;12.4584
2017-03-04;11.167
2017-03-05;10.4104
2017-03-06;11.318
2017-03-07;10.6776
2017-03-08;11.8
2017-03-09;13.3268
2017-03-10;13.0716
2017-03-11;13.2382
2017-03-12;12.5665
2017-03-13;12.4989
2017-03-14;12.0065
2017-03-15;12.5304
2017-03-16;13.07
2017-03-17;12.533
2017-03-18;12.6696
2017-03-19;13.3833
2017-03-20;13.2264
2017-03-21;11.8952
2017-03-22;11.1159
2017-03-23;11.4161
2017-03-24;11.5317
2017-03-25;12.823
2017-03-26;12.4629
2017-03-27;12.8719
2017-03-28;13.6726
2017-03-29;14.6031
2017-03-30;15.5344
2017-03-31;15.1681
2017-04-01;13.1023
2017-04-02;12.9506
2017-04-03;14.2021
2017-04-04;14.2945
2017-04-05;13.966
2017-04-06;12.8934
2017-04-07;13.2924
2017-04-08;15.3576
2017-04-09;16.1924
2017-04-10;14.9591
2017-04-11;13.9616
2017-04-12;13.9787
2017-04-13;14.7365
2017-04-14;14.8426
2017-04-15;14.0491
2017-04-16;13.6229
2017-04-17;13.4437
2017-04-18;12.1465
2017-04-19;11.256
2017-04-20;10.9383
2017-04-21;12.6159
2017-04-22;13.6824
2017-04-23;13.3734
2017-04-24;13.8518
2017-04-25;12.5957
2017-04-26;10.2527
2017-04-27;10.3619
2017-04-28;11.4768
2017-04-29;12.9168
2017-04-30;13.3681
2017-05-01;12.2095
2017-05-02;13.0404
2017-05-03;13.334
2017-05-04;13.7378
2017-05-05;14.7697
2017-05-06;14.4056
2017-05-07;14.6529
2017-05-08;13.646
2017-05-09;13.8088
2017-05-10;14.7921
2017-05-11;15.3516
2017-05-12;16.128
2017-05-13;15.7669
2017-05-14;16.1363
2017-05-15;17.6783
2017-05-16;19.2829
2017-05-17;18.6878
2017-05-18;16.6228
2017-05-19;14.3002
2017-05-20;14.6601
2017-05-21;16.3007
2017-05-22;18.1028
2017-05-23;18.0265
2017-05-24;18.5831
2017-05-25;19.7002
2017-05-26;20.1622
2017-05-27;20.1934
2017-05-28;20.6696
2017-05-29;19.9693
2017-05-30;18.6537
2017-05-31;18.4168
2017-06-01;19.1969
2017-06-02;19.4317
2017-06-03;17.6933
2017-06-04;16.7041
2017-06-05;17.1761
2017-06-06;16.1027
2017-06-07;16.0349
2017-06-08;18.4901
2017-06-09;18.2516
2017-06-10;19.6308
2017-06-11;20.7544
2017-06-12;19.5223
2017-06-13;19.7506
2017-06-14;20.7451
2017-06-15;20.6596
2017-06-16;19.7121
2017-06-17;20.2345
2017-06-18;21.4502
2017-06-19;22.7834
2017-06-20;23.1459
2017-06-21;23.2318
2017-06-22;22.618
2017-06-23;20.5
2017-06-24;20.0502
2017-06-25;20.2273
2017-06-26;20.2241
2017-06-27;20.022
2017-06-28;18.163
2017-06-29;17.1156
2017-06-30;16.5033
2017-07-01;16.7326
2017-07-02;17.5359
2017-07-03;18.9551
2017-07-04;20.4123
2017-07-05;21.9491
2017-07-06;22.3478
2017-07-07;23.287
2017-07-08;22.1357
2017-07-09;20.9539
2017-07-10;19.6796
2017-07-11;19.5929
2017-07-12;20.0595
2017-07-13;19.79
2017-07-14;19.8541
2017-07-15;19.8987
2017-07-16;21.4719
2017-07-17;22.2543
2017-07-18;22.9649
2017-07-19;22.2717
2017-07-20;19.8677
2017-07-21;19.4052
2017-07-22;19.3709
2017-07-23;19.0067
2017-07-24;18.7751
2017-07-25;18.5965
2017-07-26;18.8728
2017-07-27;19.7391
2017-07-28;20.129
2017-07-29;21.2079
2017-07-30;21.1707
2017-07-31;20.8098
2017-08-01;21.4876
2017-08-02;22.0173
2017-08-03;22.1953
2017-08-04;21.6488
2017-08-05;20.786
2017-08-06;19.4557
2017-08-07;20.1839
2017-08-08;18.9305
2017-08-09;17.5513
2017-08-10;17.1953
2017-08-11;17.3052
2017-08-12;18.7439
2017-08-13;19.8664
2017-08-14;20.6278
2017-08-15;20.661
2017-08-16;20.3158
2017-08-17;21.2696
2017-08-18;20.1843
2017-08-19;18.7322
2017-08-20;18.4881
2017-08-21;20.0681
2017-08-22;21.6537
2017-08-23;20.8294
2017-08-24;21.0923
2017-08-25;21.5141
2017-08-26;21.8099
2017-08-27;22.3992
2017-08-28;22.791
2017-08-29;22.3199
2017-08-30;20.202
2017-08-31;17.5869
2017-09-01;17.0878
2017-09-02;16.6897
2017-09-03;16.9436
2017-09-04;18.8047
2017-09-05;19.5929
2017-09-06;18.4367
2017-09-07;17.3133
2017-09-08;17.6566
2017-09-09;16.4581
2017-09-10;16.2362
2017-09-11;16.6481
2017-09-12;16.5443
2017-09-13;17.7017
2017-09-14;16.2047
2017-09-15;14.6667
2017-09-16;13.9206
2017-09-17;13.9957
2017-09-18;14.3191
2017-09-19;14.3254
2017-09-20;14.7072
2017-09-21;15.5435
2017-09-22;15.8948
2017-09-23;16.5065
2017-09-24;17.2727
2017-09-25;16.6652
2017-09-26;16.5546
2017-09-27;16.8716
2017-09-28;17.5814
2017-09-29;17.9304
2017-09-30;15.7889
2017-10-01;15.9342
2017-10-02;17.4274
2017-10-03;16.3896
2017-10-04;15.1888
2017-10-05;15.8369
2017-10-06;14.7651
2017-10-07;14.1493
2017-10-08;15.1548
2017-10-09;15.6962
2017-10-10;15.6531
2017-10-11;16.2446
2017-10-12;16.7958
2017-10-13;16.8323
2017-10-14;16.6013
2017-10-15;17.5708
2017-10-16;18.1876
2017-10-17;16.5875
2017-10-18;16.8199
2017-10-19;16.6253
2017-10-20;16.1269
2017-10-21;15.8043
2017-10-22;14.0149
2017-10-23;14.3803
2017-10-24;15.6531
2017-10-25;15.863
2017-10-26;15.6681
2017-10-27;14.9631
2017-10-28;12.8801
2017-10-29;13.4013
2017-10-30;12.3685
2017-10-31;11.0921
2017-11-01;12.2845
2017-11-02;13.658
2017-11-03;13.8884
2017-11-04;14.2931
2017-11-05;11.7079
2017-11-06;9.98261
2017-11-07;9.62996
2017-11-08;9.93987
2017-11-09;10.4276
2017-11-10;12.0259
2017-11-11;13.4772
2017-11-12;13.3319
2017-11-13;10.2349
2017-11-14;10.3782
2017-11-15;10.1116
2017-11-16;10.09
2017-11-17;10.5996
2017-11-18;10.3832
2017-11-19;10.6639
2017-11-20;10.8025
2017-11-21;12.019
2017-11-22;13.0766
2017-11-23;14.3539
2017-11-24;13.417
2017-11-25;11.2589
2017-11-26;9.03602
2017-11-27;9.82729
2017-11-28;9.6039
2017-11-29;8.49015
2017-11-30;7.71121
2017-12-01;7.05184
2017-12-02;6.98504
2017-12-03;7.24034
2017-12-04;8.8043
2017-12-05;8.93966
2017-12-06;8.43803
2017-12-07;9.33118
2017-12-08;9.42208
2017-12-09;7.66595
2017-12-10;10.1073
2017-12-11;11.0276
2017-12-12;8.91006
2017-12-13;10.1557
2017-12-14;11.5234
2017-12-15;9.97034
2017-12-16;8.72591
2017-12-17;8.78481
2017-12-18;9.49574
2017-12-19;8.39186
2017-12-20;9.25265
2017-12-21;10.7167
2017-12-22;11.0535
2017-12-23;11.1801
2017-12-24;10.5137
2017-12-25;9.76271
2017-12-26;10.8672
2017-12-27;9.78814
2017-12-28;8.05579
2017-12-29;9.5234
2017-12-30;13.6575
2017-12-31;13.1957
2018-01-01;11.3753
2018-01-02;11.7106
2018-01-03;13.2961
2018-01-04;13.8774
2018-01-05;12.4946
2018-01-06;11.0429
2018-01-07;11.3098
2018-01-08;10.6993
2018-01-09;10.4154
2018-01-10;11.0326
2018-01-11;9.85839
2018-01-12;9.13974
2018-01-13;8.43886
2018-01-14;8.85185
2018-01-15;10.3075
2018-01-16;12.2362
2018-01-17;10.666
2018-01-18;11.2759
2018-01-19;10.4634
2018-01-20;11.3056
2018-01-21;12.5491
2018-01-22;13.2781
2018-01-23;12.5645
2018-01-24;12.9657
2018-01-25;12.0591
2018-01-26;10.4216
2018-01-27;9.8234
2018-01-28;10.8954
2018-01-29;11.1489
2018-01-30;11.1702
2018-01-31;10.9229
2018-02-01;9.22034
2018-02-02;8.74207
2018-02-03;8.49153
2018-02-04;8.15126
2018-02-05;7.34894
2018-02-06;7.47246
2018-02-07;6.86412
2018-02-08;6.8742
2018-02-09;7.14925
2018-02-10;7.9892
2018-02-11;9.63579
2018-02-12;8.4482
2018-02-13;7.27754
2018-02-14;8.05388
2018-02-15;11.6344
2018-02-16;11.2887
2018-02-17;10.5139
2018-02-18;9.43191
2018-02-19;9.74051
2018-02-20;9.96829
2018-02-21;8.39496
2018-02-22;7.21757
2018-02-23;6.88866
2018-02-24;7.4895
2018-02-25;7.44842
2018-02-26;4.92735
2018-02-27;3.51923
2018-02-28;4.0625
2018-03-01;7.76371
2018-03-02;9.64331
2018-03-03;10.2964
2018-03-04;10.3556
2018-03-05;10.8419
2018-03-06;10.4784
2018-03-07;10.2655
2018-03-08;11.2131
2018-03-09;13.0427
2018-03-10;14.4004
2018-03-11;14.0454
2018-03-12;12.7941
2018-03-13;11.8941
2018-03-14;12.2854
2018-03-15;12.5414
2018-03-16;11.7894
2018-03-17;9.66522
2018-03-18;8.37473
2018-03-19;8.01717
2018-03-20;8.26596
2018-03-21;8.82729
2018-03-22;8.85097
2018-03-23;10.2194
2018-03-24;11.0802
2018-03-25;11.591
2018-03-26;11.636
2018-03-27;10.3837
2018-03-28;10.5462
2018-03-29;9.11538
2018-03-30;8.6817
2018-03-31;7.89189
2018-04-01;8.76355
2018-04-02;10.515
2018-04-03;12.1704
2018-04-04;11.6359
2018-04-05;11.1108
2018-04-06;12.5898
2018-04-07;13.9953
2018-04-08;13.6507
2018-04-09;12.8075
2018-04-10;11.8935
2018-04-11;12.1356
2018-04-12;12.0267
2018-04-13;12.401
2018-04-14;13.1171
2018-04-15;13.9516
2018-04-16;13.5961
2018-04-17;15.0628
2018-04-18;17.4887
2018-04-19;17.9406
2018-04-20;18.1474
2018-04-21;18.4243
2018-04-22;17.4214
2018-04-23;15.5506
2018-04-24;15.6808
2018-04-25;14.7167
2018-04-26;13.2649
2018-04-27;13.8417
2018-04-28;13.5572
2018-04-29;12.6253
2018-04-30;11.0049
2018-05-01;10.8571
2018-05-02;11.7841
2018-05-03;12.7235
2018-05-04;13.9381
2018-05-05;16.0693
2018-05-06;17.601
2018-05-07;18.516
2018-05-08;16.6436
2018-05-09;15.367
2018-05-10;14.0597
2018-05-11;14.7704
2018-05-12;14.2178
2018-05-13;11.7494
2018-05-14;12.1471
2018-05-15;13.9877
2018-05-16;14.8793
2018-05-17;14.6717
2018-05-18;14.9926
2018-05-19;15.2178
2018-05-20;15.7643
2018-05-21;16.7072
2018-05-22;16.3747
2018-05-23;16.86
2018-05-24;17.5061
2018-05-25;17.802
2018-05-26;19.0442
2018-05-27;19.0473
2018-05-28;18.0748
2018-05-29;17.8734
2018-05-30;17.8529
2018-05-31;17.7309
2018-06-01;17.8317
2018-06-02;18.5802
2018-06-03;18.5827
2018-06-04;18.0739
2018-06-05;17.5358
2018-06-06;17.3931
2018-06-07;17.8725
2018-06-08;18.7469
2018-06-09;19.2968
2018-06-10;18.8243
2018-06-11;17.95
2018-06-12;17.35
2018-06-13;16.4874
2018-06-14;16.7248
2018-06-15;17.4864
2018-06-16;17.8607
2018-06-17;17.5892
2018-06-18;18.0628
2018-06-19;19.5927
2018-06-20;21.1658
2018-06-21;19.936
2018-06-22;17.3846
2018-06-23;17.4612
2018-06-24;17.7661
2018-06-25;18.7253
2018-06-26;20.226
2018-06-27;20.6185
2018-06-28;20.2445
2018-06-29;20.0728
2018-06-30;21.3263
2018-07-01;21.8071
2018-07-02;20.9494
2018-07-03;21.0097
2018-07-04;20.5476
2018-07-05;19.1033
2018-07-06;19.5271
2018-07-07;20.9202
2018-07-08;21.4169
2018-07-09;20.8033
2018-07-10;19.7827
2018-07-11;18.7314
2018-07-12;18.9384
2018-07-13;22.5189
2018-07-14;20.7944
2018-07-15;20.9486
2018-07-16;19.8483
2018-07-17;19.8829
2018-07-18;20.089
2018-07-19;21.005
2018-07-20;19.3233
2018-07-21;18.7194
2018-07-22;19.7098
2018-07-23;21.2287
2018-07-24;21.5203
2018-07-25;22.0742
2018-07-26;22.4074
2018-07-27;21.7786
2018-07-28;19.8694
2018-07-29;20.7398
2018-07-30;21.559
2018-07-31;21.8142
2018-08-01;22.1537
2018-08-02;22.7537
2018-08-03;24.1401
2018-08-04;24.0344
2018-08-05;22.9979
2018-08-06;23.4093
2018-08-07;22.848
2018-08-08;21.4459
2018-08-09;19.0276
2018-08-10;18.6946
2018-08-11;19.8894
2018-08-12;21.1996
2018-08-13;19.6552
2018-08-14;19.3185
2018-08-15;19.865
2018-08-16;20.8843
2018-08-17;19.8409
2018-08-18;19.6765
2018-08-19;20.4501
2018-08-20;21.2671
2018-08-21;21.7809
2018-08-22;22.133
2018-08-23;21.1336
2018-08-24;19.222
2018-08-25;17.0063
2018-08-26;17.2983
2018-08-27;19.1769
2018-08-28;20.3102
2018-08-29;19.4681
2018-08-30;18.1404
2018-08-31;18.3806
2018-09-01;18.0882
2018-09-02;18.3889
2018-09-03;18.7068
2018-09-04;19.2397
2018-09-05;19.6166
2018-09-06;18.7004
2018-09-07;18.4514
2018-09-08;18.6551
2018-09-09;19.2876
2018-09-10;19.6034
2018-09-11;20.3298
2018-09-12;20.632
2018-09-13;19.6022
2018-09-14;18.4555
2018-09-15;18.1059
2018-09-16;18.9158
2018-09-17;19.8562
2018-09-18;20.3822
2018-09-19;20.4331
2018-09-20;20.6567
2018-09-21;18.8166
2018-09-22;17.8865
2018-09-23;19.4958
2018-09-24;16.1228
2018-09-25;15.597
2018-09-26;16.5978
2018-09-27;17.8455
2018-09-28;17.9267
2018-09-29;16.5439
2018-09-30;16.1382
2018-10-01;14.6559
2018-10-02;14.5224
2018-10-03;16.4733
2018-10-04;16.7006
2018-10-05;17.6317
2018-10-06;17.3729
2018-10-07;15.6609
2018-10-08;15.5396
2018-10-09;16.7131
2018-10-10;17.8207
2018-10-11;18.2601
2018-10-12;19.0276
2018-10-13;19.4374
2018-10-14;18.4925
2018-10-15;17.2654
2018-10-16;17.1638
2018-10-17;16.463
2018-10-18;17.0809
2018-10-19;16.3742
2018-10-20;16.0774
2018-10-21;15.2328
2018-10-22;14.9658
2018-10-23;14.4473
2018-10-24;15.015
2018-10-25;14.945
2018-10-26;13.6716
2018-10-27;11.4968
2018-10-28;10.2543
2018-10-29;10.1459
2018-10-30;10.9958
2018-10-31;12.452
2018-11-01;13.1707
2018-11-02;12.4968
2018-11-03;11.8262
2018-11-04;13.0194
2018-11-05;14.7576
2018-11-06;14.4678
2018-11-07;14.0191
2018-11-08;13.0411
2018-11-09;13.8064
2018-11-10;14.7495
2018-11-11;15.1795
2018-11-12;15.406
2018-11-13;14.5726
2018-11-14;13.7321
2018-11-15;13.9247
2018-11-16;12.9602
2018-11-17;11.5899
2018-11-18;10.5786
2018-11-19;9.00858
2018-11-20;8.7666
2018-11-21;9.43191
2018-11-22;10.5053
2018-11-23;11.0296
2018-11-24;11.3782
2018-11-25;10.9349
2018-11-26;10.7191
2018-11-27;10.9283
2018-11-28;12.3208
2018-11-29;13.0858
2018-11-30;12.4407
2018-12-01;12.1175
2018-12-02;14.1303
2018-12-03;14.9957
2018-12-04;13.9347
2018-12-05;12.9449
2018-12-06;14.0085
2018-12-07;13.4274
2018-12-08;12.6962
2018-12-09;13.1932
2018-12-10;11.7924
2018-12-11;9.57684
2018-12-12;8.74262
2018-12-13;8.34672
2018-12-14;8.0368
2018-12-15;8.55269
2018-12-16;10.5192
2018-12-17;11.043
2018-12-18;10.6532
2018-12-19;11.5847
2018-12-20;11.4376
2018-12-21;13.1582
2018-12-22;13.7537
2018-12-23;13.632
2018-12-24;12.7495
2018-12-25;9.91361
2018-12-26;8.25161
2018-12-27;8.28696
2018-12-28;9.22293
2018-12-29;9.00427
2018-12-30;9.64606
2018-12-31;10.2814
2019-01-01;10.1875
2019-01-02;9.78112
2019-01-03;7.76139
2019-01-04;7.39485
2019-01-05;8.26013
2019-01-06;8.59524
2019-01-07;9.19099
2019-01-08;10.3035
2019-01-09;9.17857
2019-01-10;7.82744
2019-01-11;8.14463
2019-01-12;9.80962
2019-01-13;11.7688
2019-01-14;11.905
2019-01-15;10.2593
2019-01-16;9.61905
2019-01-17;10.2792
2019-01-18;7.93388
2019-01-19;8.28631
2019-01-20;8.77386
2019-01-21;7.86983
2019-01-22;7.81628
2019-01-23;8.29498
2019-01-24;7.88613
2019-01-25;8.86722
2019-01-26;10.5198
2019-01-27;10.2583
2019-01-28;9.26033
2019-01-29;8.62708
2019-01-30;8.44842
2019-01-31;8.87789
2019-02-01;10.1618
2019-02-02;8.94421
2019-02-03;8.42857
2019-02-04;8.34105
2019-02-05;9.96888
2019-02-06;11.0356
2019-02-07;10.9255
2019-02-08;11.2521
2019-02-09;12.0396
2019-02-10;11.6423
2019-02-11;10.0994
2019-02-12;9.31458
2019-02-13;9.45041
2019-02-14;10.6322
2019-02-15;11.3835
2019-02-16;11.6068
2019-02-17;12.2095
2019-02-18;11.6305
2019-02-19;11.06
2019-02-20;10.7615
2019-02-21;11.4555
2019-02-22;12.5351
2019-02-23;12.6279
2019-02-24;11.7328
2019-02-25;12.4366
2019-02-26;13.2412
2019-02-27;13.5041
2019-02-28;13.1473
2019-03-01;13.0455
2019-03-02;12.9381
2019-03-03;13.9486
2019-03-04;12.9193
2019-03-05;12.7008
2019-03-06;13.3918
2019-03-07;12.6522
2019-03-08;11.9502
2019-03-09;13.2311
2019-03-10;13.84
2019-03-11;11.6937
2019-03-12;11.6219
2019-03-13;11.2876
2019-03-14;12.1518
2019-03-15;13.8113
2019-03-16;14.167
2019-03-17;12.4274
2019-03-18;11.3719
2019-03-19;11.5225
2019-03-20;12.0485
2019-03-21;12.7034
2019-03-22;13.8113
2019-03-23;14.26
2019-03-24;13.7342
2019-03-25;12.8071
2019-03-26;12.2547
2019-03-27;12.2345
2019-03-28;12.8668
2019-03-29;13.5356
2019-03-30;13.9856
2019-03-31;14.1054
2019-04-01;14.4564
2019-04-02;13.4576
2019-04-03;10.8
2019-04-04;10.4274
2019-04-05;11.6284
2019-04-06;11.9772
2019-04-07;12.2842
2019-04-08;12.7365
2019-04-09;13.0062
2019-04-10;12.7453
2019-04-11;12.6242
2019-04-12;12.1705
2019-04-13;11.6771
2019-04-14;11.1203
2019-04-15;12.8406
2019-04-16;13.8952
2019-04-17;14.7155
2019-04-18;16.1227
2019-04-19;17.4307
2019-04-20;17.2361
2019-04-21;16.7228
2019-04-22;17.0745
2019-04-23;16.4691
2019-04-24;15.0129
2019-04-25;14.3284
2019-04-26;13.3734
2019-04-27;13.5525
2019-04-28;12.7531
2019-04-29;13.2911
2019-04-30;13.9353
2019-05-01;14.4507
2019-05-02;14.1503
2019-05-03;13.5136
2019-05-04;12.3306
2019-05-05;10.9475
2019-05-06;12.1975
2019-05-07;14.166
2019-05-08;14.4545
2019-05-09;14.6989
2019-05-10;15.5648
2019-05-11;15.3062
2019-05-12;14.1542
2019-05-13;14.9872
2019-05-14;15.4881
2019-05-15;14.7965
2019-05-16;14.7361
2019-05-17;14.4697
2019-05-18;14.4657
2019-05-19;14.7548
2019-05-20;15.3582
2019-05-21;16.1113
2019-05-22;16.6786
2019-05-23;17.3277
2019-05-24;16.7806
2019-05-25;16.8476
2019-05-26;17.1255
2019-05-27;16.6841
2019-05-28;15.239
2019-05-29;15.2968
2019-05-30;16.8382
2019-05-31;18.1123
2019-06-01;19.7368
2019-06-02;20.4349
2019-06-03;18.8526
2019-06-04;19.0844
2019-06-05;16.8587
2019-06-06;16.0998
2019-06-07;16.5558
2019-06-08;16.9062
2019-06-09;16.8766
2019-06-10;16.6624
2019-06-11;15.2827
2019-06-12;15.9667
2019-06-13;17.1752
2019-06-14;17.8638
2019-06-15;17.2939
2019-06-16;18.1074
2019-06-17;19.4713
2019-06-18;20.8085
2019-06-19;20.163
2019-06-20;18.6603
2019-06-21;18.1617
2019-06-22;18.9938
2019-06-23;20.9101
2019-06-24;21.3573
2019-06-25;22.4337
2019-06-26;24.0909
2019-06-27;24.5847
2019-06-28;23.929
2019-06-29;23.8658
2019-06-30;22.2342
2019-07-01;20.8502
2019-07-02;21.5751
2019-07-03;21.671
2019-07-04;22.4234
2019-07-05;22.8463
2019-07-06;22.3958
2019-07-07;21.3713
2019-07-08;20.8989
2019-07-09;20.1329
2019-07-10;20.7931
2019-07-11;20.9892
2019-07-12;21.1109
2019-07-13;20.6196
2019-07-14;20.2108
2019-07-15;19.6624
2019-07-16;20.2253
2019-07-17;20.6276
2019-07-18;20.3987
2019-07-19;21.0814
2019-07-20;21.4671
2019-07-21;21.6375
2019-07-22;23.0421
2019-07-23;24.9554
2019-07-24;25.0314
2019-07-25;25.4
2019-07-26;22.1586
2019-07-27;19.1111
2019-07-28;18.6197
2019-07-29;19.5409
2019-07-30;19.589
2019-07-31;19.3819
2019-08-01;19.9553
2019-08-02;20.6447
2019-08-03;21.2131
2019-08-04;21.7856
2019-08-05;21.5588
2019-08-06;21.1695
2019-08-07;20.4989
2019-08-08;21.6568
2019-08-09;22.4459
2019-08-10;20.951
2019-08-11;18.9278
2019-08-12;18.6774
2019-08-13;18.1277
2019-08-14;18.8793
2019-08-15;19.4197
2019-08-16;19.3066
2019-08-17;19.5842
2019-08-18;19.8972
2019-08-19;18.3882
2019-08-20;17.913
2019-08-21;18.7146
2019-08-22;19.5605
2019-08-23;21.0783
2019-08-24;21.65
2019-08-25;21.7554
2019-08-26;22.1395
2019-08-27;21.6589
2019-08-28;21.2084
2019-08-29;20.6285
2019-08-30;21.1282
2019-08-31;21.0468
2019-09-01;19.0022
2019-09-02;18.0691
2019-09-03;18.5991
2019-09-04;18.7013
2019-09-05;17.3789
2019-09-06;16.5705
2019-09-07;17.0294
2019-09-08;16.2283
2019-09-09;15.4791
2019-09-10;16.1375
2019-09-11;17.2685
2019-09-12;18.6232
2019-09-13;19.5574
2019-09-14;19.9895
2019-09-15;20.3911
2019-09-16;20.0064
2019-09-17;19.6944
2019-09-18;18.6631
2019-09-19;18.0168
2019-09-20;18.5095
2019-09-21;19.4958
2019-09-22;18.4331
2019-09-23;17.083
2019-09-24;17.517
2019-09-25;17.5202
2019-09-26;18.3787
2019-09-27;17.8529
2019-09-28;16.8317
2019-09-29;17.9221
2019-09-30;17.8397
2019-10-01;18.1432
2019-10-02;16.3911
2019-10-03;14.8164
2019-10-04;16.0316
2019-10-05;16.5485
2019-10-06;16.2409
2019-10-07;15.3348
2019-10-08;16.676
2019-10-09;15.5137
2019-10-10;15.797
2019-10-11;16.6266
2019-10-12;17.895
2019-10-13;19.0483
2019-10-14;17.8908
2019-10-15;15.6973
2019-10-16;15.5577
2019-10-17;15.8109
2019-10-18;15.7878
2019-10-19;15.9074
2019-10-20;15.8122
2019-10-21;14.7173
2019-10-22;14.4163
2019-10-23;15.6596
2019-10-24;15.2722
2019-10-25;15.8641
2019-10-26;16.1945
2019-10-27;15.2812
2019-10-28;14.7048
2019-10-29;14.6902
2019-10-30;14.6977
2019-10-31;15.0207
2019-11-01;15.4146
2019-11-02;15.4792
2019-11-03;14.4791
2019-11-04;14.7173
2019-11-05;13.3396
2019-11-06;12.846
2019-11-07;11.913
2019-11-08;11.0816
2019-11-09;11.0849
2019-11-10;10.8399
2019-11-11;11.2017
2019-11-12;11.158
2019-11-13;10.8134
2019-11-14;10.0021
2019-11-15;9.41736
2019-11-16;9.86186
2019-11-17;9.77292
2019-11-18;9.91684
2019-11-19;10.1017
2019-11-20;9.32842
2019-11-21;10.4979
2019-11-22;11.8653
2019-11-23;12.8358
2019-11-24;11.9711
2019-11-25;12.8568
2019-11-26;13.7063
2019-11-27;13.8559
2019-11-28;13.4033
2019-11-29;12.7427
2019-11-30;10.917
2019-12-01;10.7694
2019-12-02;9.85115
2019-12-03;8.8125
2019-12-04;8.78542
2019-12-05;9.13693
2019-12-06;10.5705
2019-12-07;12.2579
2019-12-08;12.7098
2019-12-09;12.11
2019-12-10;10.4017
2019-12-11;10.2385
2019-12-12;10.2973
2019-12-13;12.0977
2019-12-14;13.3333
2019-12-15;13.2376
2019-12-16;13.3208
2019-12-17;13.9958
2019-12-18;13.3326
2019-12-19;14.5145
2019-12-20;13.5634
2019-12-21;12.6529
2019-12-22;12.8104
2019-12-23;12.3828
2019-12-24;13.6589
2019-12-25;12.3354
2019-12-26;11.4833
2019-12-27;12.4688
2019-12-28;10.7558
2019-12-29;8.40506
2019-12-30;8.58125
2019-12-31;8.88075
2020-01-01;9.59874
2020-01-02;10.5786
2020-01-03;11.6701
2020-01-04;10.9773
2020-01-05;9.9876
2020-01-06;9.45208
2020-01-07;11.3096
2020-01-08;12.6611
2020-01-09;12.6952
2020-01-10;11.4938
2020-01-11;10.1159
2020-01-12;9.94179
2020-01-13;10.4658
2020-01-14;12.1118
2020-01-15;12.3921
2020-01-16;12.183
2020-01-17;11.4737
2020-01-18;9.49474
2020-01-19;8.56992
2020-01-20;8.5911
2020-01-21;8.51899
2020-01-22;8.94549
2020-01-23;9.64315
2020-01-24;9.5105
2020-01-25;10.1203
2020-01-26;10.815
2020-01-27;11.2259
2020-01-28;11.3109
2020-01-29;11.4158
2020-01-30;12.3106
2020-01-31;13.9326
2020-02-01;13.5339
2020-02-02;14.4799
2020-02-03;14.7663
2020-02-04;12.0021
2020-02-05;10.5424
2020-02-06;9.21822
2020-02-07;10.2469
2020-02-08;11.4793
2020-02-09;12.7771
2020-02-10;13.8545
2020-02-11;12.3488
2020-02-12;10.7479
2020-02-13;11.6813
2020-02-14;12.289
2020-02-15;12.2067
2020-02-16;13.9066
2020-02-17;12.4319
2020-02-18;11.2438
2020-02-19;11.4096
2020-02-20;11.5333
2020-02-21;10.9333
2020-02-22;11.3383
2020-02-23;13.0771
2020-02-24;13.1628
2020-02-25;11.937
2020-02-26;10.343
2020-02-27;10.7095
2020-02-28;11.0479
2020-02-29;12.4062
2020-03-01;11.687
2020-03-02;10.9958
2020-03-03;9.98737
2020-03-04;10.9295
2020-03-05;12.1954
2020-03-06;10.4387
2020-03-07;10.9731
2020-03-08;12.1325
2020-03-09;11.4327
2020-03-10;12.7678
2020-03-11;14.4046
2020-03-12;13.1518
2020-03-13;11.9583
2020-03-14;11.7484
2020-03-15;12.6234
2020-03-16;12.7469
2020-03-17;13.0998
2020-03-18;13.501
2020-03-19;14.0833
2020-03-20;13.9182
2020-03-21;12.41
2020-03-22;11.9668
2020-03-23;11.9023
2020-03-24;11.1062
2020-03-25;10.4062
2020-03-26;9.90021
2020-03-27;11.0602
2020-03-28;12.5114
2020-03-29;11.0766
2020-03-30;9.70625
2020-03-31;10.8792
2020-04-01;11.4854
2020-04-02;11.3403
2020-04-03;11.977
2020-04-04;13.1913
2020-04-05;14.8092
2020-04-06;14.7208
2020-04-07;15.3067
2020-04-08;15.9708
2020-04-09;16.0915
2020-04-10;16.5732
2020-04-11;16.2688
2020-04-12;15.9226
2020-04-13;15.0461
2020-04-14;13.6589
2020-04-15;14.6477
2020-04-16;15.9549
2020-04-17;16.2448
2020-04-18;16.1828
2020-04-19;15.2146
2020-04-20;15.6576
2020-04-21;15.4458
2020-04-22;15.6987
2020-04-23;16.1
2020-04-24;16.4521
2020-04-25;16.0336
2020-04-26;15.525
2020-04-27;15.11
2020-04-28;14.8389
2020-04-29;14.5241
2020-04-30;14.0397
2020-05-01;14.5063
2020-05-02;15.348
2020-05-03;16.1524
2020-05-04;17.4198
2020-05-05;16.6346
2020-05-06;16.6004
2020-05-07;17.1025
2020-05-08;17.5115
2020-05-09;17.5832
2020-05-10;16.2405
2020-05-11;13.1879
2020-05-12;12.8154
2020-05-13;13.8954
2020-05-14;13.8205
2020-05-15;14.586
2020-05-16;15.4137
2020-05-17;16.1503
2020-05-18;15.8348
2020-05-19;17.2679
2020-05-20;18.7238
2020-05-21;19.5385
2020-05-22;19.0219
2020-05-23;16.0635
2020-05-24;15.6718
2020-05-25;17.2593
2020-05-26;18.1484
2020-05-27;18.5237
2020-05-28;18.6445
2020-05-29;18.6503
2020-05-30;18.3011
2020-05-31;18.4241
2020-06-01;18.482
2020-06-02;19.3056
2020-06-03;18.0452
2020-06-04;15.8599
2020-06-05;15.4831
2020-06-06;15.7966
2020-06-07;15.266
2020-06-08;15.2845
2020-06-09;14.5915
2020-06-10;15.0792
2020-06-11;15.8234
2020-06-12;16.4168
2020-06-13;16.5455
2020-06-14;16.9576
2020-06-15;16.819
2020-06-16;16.8391
2020-06-17;16.3527
2020-06-18;16.4648
2020-06-19;17.1068
2020-06-20;18.0318
2020-06-21;18.5428
2020-06-22;18.958
2020-06-23;20.2854
2020-06-24;21.8347
2020-06-25;21.9368
2020-06-26;20.4115
2020-06-27;19.8445
2020-06-28;19.0169
2020-06-29;18.5696
2020-06-30;18.9662
2020-07-01;19.5584
2020-07-02;18.6617
2020-07-03;18.0314
2020-07-04;18.7687
2020-07-05;19.6813
2020-07-06;18.3836
2020-07-07;18.6464
2020-07-08;19.7308
2020-07-09;20.8901
2020-07-10;19.59
2020-07-11;18.8968
2020-07-12;19.2338
2020-07-13;19.9915
2020-07-14;19.26
2020-07-15;18.2956
2020-07-16;18.1529
2020-07-17;19.055
2020-07-18;19.8787
2020-07-19;20.375
2020-07-20;20.5468
2020-07-21;20.4787
2020-07-22;20.0981
2020-07-23;20.2478
2020-07-24;20.2101
2020-07-25;20.1453
2020-07-26;20.0518
2020-07-27;21.4411
2020-07-28;20.4149
2020-07-29;20.2538
2020-07-30;22.9487
2020-07-31;23.9869
2020-08-01;21.8822
2020-08-02;20.22
2020-08-03;18.9562
2020-08-04;19.0155
2020-08-05;20.3231
2020-08-06;22.4649
2020-08-07;23.6471
2020-08-08;23.6317
2020-08-09;23.4304
2020-08-10;22.7414
2020-08-11;23.0108
2020-08-12;22.4246
2020-08-13;20.7426
2020-08-14;20.4647
2020-08-15;20.8753
2020-08-16;20.1741
2020-08-17;19.5232
2020-08-18;20.2779
2020-08-19;21.3108
2020-08-20;22.5487
2020-08-21;22.034
2020-08-22;20.3769
2020-08-23;19.3056
2020-08-24;18.7357
2020-08-25;20.0431
2020-08-26;20.1903
2020-08-27;19.6531
2020-08-28;18.3718
2020-08-29;16.8595
2020-08-30;16.7201
2020-08-31;16.9161
2020-09-01;17.0799
2020-09-02;17.4549
2020-09-03;18.6988
2020-09-04;19.7398
2020-09-05;18.6455
2020-09-06;17.293
2020-09-07;17.2295
2020-09-08;18.5031
2020-09-09;19.4486
2020-09-10;19.6936
2020-09-11;19.3719
2020-09-12;19.0512
2020-09-13;19.9365
2020-09-14;21.5225
2020-09-15;21.2152
2020-09-16;20.6947
2020-09-17;20.4959
2020-09-18;20.2602
2020-09-19;19.666
2020-09-20;19.0779
2020-09-21;18.4611
2020-09-22;18.0328
2020-09-23;18.2787
2020-09-24;16.6833
2020-09-25;13.7992
2020-09-26;13.5556
2020-09-27;13.0862
2020-09-28;14.518
2020-09-29;15.641
2020-09-30;16.0833
2020-10-01;15.289
2020-10-02;14.2102
2020-10-03;13.8268
2020-10-04;14.0803
2020-10-05;14.3333
2020-10-06;15.517
2020-10-07;15.6518
2020-10-08;16.4361
2020-10-09;15.683
2020-10-10;14.1702
2020-10-11;13.1621
2020-10-12;12.7024
2020-10-13;12.8319
2020-10-14;12.3185
2020-10-15;12.1398
2020-10-16;12.2983
2020-10-17;12.3418
2020-10-18;12.2751
2020-10-19;13.3469
2020-10-20;15.6439
2020-10-21;16.9849
2020-10-22;16.5385
2020-10-23;15.4968
2020-10-24;15.3404
2020-10-25;14.2906
2020-10-26;12.8195
2020-10-27;13.2093
2020-10-28;14.2468
2020-10-29;14.724
2020-10-30;15.2627
2020-10-31;14.4478
2020-11-01;15.8832
2020-11-02;16.4016
2020-11-03;13.3094
2020-11-04;11.462
2020-11-05;11.6099
2020-11-06;13.0676
2020-11-07;14.7336
2020-11-08;15.2541
2020-11-09;14.6455
2020-11-10;13.9262
2020-11-11;13.5594
2020-11-12;13.8522
2020-11-13;14.2392
2020-11-14;14.7398
2020-11-15;14.8193
2020-11-16;13.6291
2020-11-17;13.0164
2020-11-18;13.4025
2020-11-19;12.6062
2020-11-20;10.9979
2020-11-21;9.78224
2020-11-22;9.80388
2020-11-23;10.3885
2020-11-24;10.3172
2020-11-25;10.8956
2020-11-26;11.8493
2020-11-27;12.2745
2020-11-28;11.9104
2020-11-29;10.1607
2020-11-30;8.84648
2020-12-01;10.1996
2020-12-02;9.74576
2020-12-03;10.2458
2020-12-04;9.72258
2020-12-05;8.87561
2020-12-06;8.98085
2020-12-07;8.53433
2020-12-08;8.87527
2020-12-09;8.52484
2020-12-10;9.5423
2020-12-11;11.125
2020-12-12;11.5305
2020-12-13;11.1071
2020-12-14;12.0743
2020-12-15;12.4144
2020-12-16;11.7186
2020-12-17;12.2689
2020-12-18;11.8919
2020-12-19;12.8553
2020-12-20;12.1978
2020-12-21;12.444
2020-12-22;14.2704
2020-12-23;13.7921
2020-12-24;11.4253
2020-12-25;8.93697
2020-12-26;8.3673
2020-12-27;9.0875
2020-12-28;9.38793
2020-12-29;9.42194
2020-12-30;9.0167
2020-12-31;8.76939
2021-01-01;7.44937
2021-01-02;7.32
2021-01-03;7.21097
2021-01-04;7.07983
2021-01-05;7.2578
2021-01-06;7.02537
2021-01-07;6.68143
2021-01-08;6.52731
2021-01-09;6.54603
2021-01-10;6.68644
2021-01-11;6.81435
2021-01-12;8.84468
2021-01-13;10.9345
2021-01-14;11.0021
2021-01-15;9.025
2021-01-16;7.75104
2021-01-17;9.61618
2021-01-18;8.92276
2021-01-19;9.6618
2021-01-20;11.725
2021-01-21;12.2405
2021-01-22;10.8042
2021-01-23;9.75368
2021-01-24;8.91405
2021-01-25;8.76471
2021-01-26;7.9322
2021-01-27;10.5855
2021-01-28;13.5096
2021-01-29;13.7267
2021-01-30;12.3478
2021-01-31;12.0769
2021-02-01;12.8326
2021-02-02;13.8844
2021-02-03;13.5979
2021-02-04;12.478
2021-02-05;12.7888
2021-02-06;12.0714
2021-02-07;10.1078
2021-02-08;8.66876
2021-02-09;8.39583
2021-02-10;7.90167
2021-02-11;7.13445
2021-02-12;7.46512
2021-02-13;7.15236
2021-02-14;7.6043
2021-02-15;10.3233
2021-02-16;11.7672
2021-02-17;12.2693
2021-02-18;12.1967
2021-02-19;12.7063
2021-02-20;13.8485
2021-02-21;13.412
2021-02-22;13.2746
2021-02-23;13.8912
2021-02-24;14.2364
2021-02-25;13.3085
2021-02-26;11.5565
2021-02-27;10.9577
2021-02-28;10.8574
2021-03-01;11.4833
2021-03-02;12.0397
2021-03-03;12.1273
2021-03-04;12.0145
2021-03-05;10.9216
2021-03-06;9.95238
2021-03-07;10.195
2021-03-08;10.2401
2021-03-09;9.92647
2021-03-10;10.6917
2021-03-11;13.3008
2021-03-12;12.0186
2021-03-13;11.682
2021-03-14;10.9772
2021-03-15;11.4896
2021-03-16;11.3132
2021-03-17;11.1497
2021-03-18;9.91042
2021-03-19;9.5375
2021-03-20;9.25466
2021-03-21;9.97297
2021-03-22;10.4075
2021-03-23;10.8076
2021-03-24;11.9851
2021-03-25;12.4226
2021-03-26;12.5896
2021-03-27;11.9398
2021-03-28;12.3661
2021-03-29;14.3487
2021-03-30;15.7912
2021-03-31;16.3907
2021-04-01;16.5064
2021-04-02;14.5234
2021-04-03;12.5349
2021-04-04;12.1183
2021-04-05;11.7363
2021-04-06;9.91471
2021-04-07;9.37901
2021-04-08;11.1983
2021-04-09;12.4461
2021-04-10;12.7489
2021-04-11;11.7438
2021-04-12;10.5621
2021-04-13;10.9137
2021-04-14;10.9599
2021-04-15;10.3638
2021-04-16;10.2352
2021-04-17;11.3082
2021-04-18;11.7933
2021-04-19;12.5134
2021-04-20;13.3716
2021-04-21;13.5391
2021-04-22;14.0849
2021-04-23;14.9669
2021-04-24;15.361
2021-04-25;14.5821
2021-04-26;13.7937
2021-04-27;13.6271
2021-04-28;13.2042
2021-04-29;12.7433
2021-04-30;12.4741
2021-05-01;12.1867
2021-05-02;12.1905
2021-05-03;12.921
2021-05-04;13.5804
2021-05-05;13.1476
2021-05-06;13.0941
2021-05-07;14.0818
2021-05-08;16.1566
2021-05-09;17.2987
2021-05-10;15.2097
2021-05-11;13.6136
2021-05-12;13.5209
2021-05-13;13.7328
2021-05-14;13.3418
2021-05-15;13.8539
2021-05-16;14.4707
2021-05-17;14.3069
2021-05-18;14.1709
2021-05-19;14.2818
2021-05-20;15.0297
2021-05-21;15.2648
2021-05-22;14.7408
2021-05-23;14.7074
2021-05-24;13.9786
2021-05-25;14.1057
2021-05-26;14.5772
2021-05-27;15.5397
2021-05-28;16.8682
2021-05-29;17.7083
2021-05-30;17.785
2021-05-31;18.0725
2021-06-01;18.6411
2021-06-02;18.2474
2021-06-03;18.2839
2021-06-04;17.1822
2021-06-05;16.7692
2021-06-06;17.172
2021-06-07;17.7495
2021-06-08;18.5938
2021-06-09;19.0713
2021-06-10;19.3817
2021-06-11;19.6352
2021-06-12;19.8365
2021-06-13;20.5351
2021-06-14;21.0901
2021-06-15;21.2017
2021-06-16;21.5917
2021-06-17;20.2257
2021-06-18;20.4223
2021-06-19;19.7056
2021-06-20;18.8837
2021-06-21;18.4416
2021-06-22;17.1509
2021-06-23;16.9299
2021-06-24;16.9786
2021-06-25;17.5844
2021-06-26;18.434
2021-06-27;18.6094
2021-06-28;18.0487
2021-06-29;17.6029
2021-06-30;17.3904
2021-07-01;18.2875
2021-07-02;18.9896
2021-07-03;18.8758
2021-07-04;18.2358
2021-07-05;18.8062
2021-07-06;18.0167
2021-07-07;17.9935
2021-07-08;18.0499
2021-07-09;18.1882
2021-07-10;18.2658
2021-07-11;18.8763
2021-07-12;18.0628
2021-07-13;17.2542
2021-07-14;17.369
2021-07-15;17.9025
2021-07-16;18.315
2021-07-17;19.3797
2021-07-18;20.8879
2021-07-19;21.5284
2021-07-20;21.629
2021-07-21;21.5525
2021-07-22;21.6859
2021-07-23;20.8685
2021-07-24;19.4345
2021-07-25;19.1507
2021-07-26;19.125
2021-07-27;18.8017
2021-07-28;18.5194
2021-07-29;19.2983
2021-07-30;19.0253
2021-07-31;17.9489
2021-08-01;17.8044
2021-08-02;17.8201
2021-08-03;17.5699
2021-08-04;17.5183
2021-08-05;18.4367
2021-08-06;18.7442
2021-08-07;17.8358
2021-08-08;17.8476
2021-08-09;18.4184
2021-08-10;19.3835
2021-08-11;20.683
2021-08-12;21.3046
2021-08-13;21.2129
2021-08-14;21.8218
2021-08-15;20.5791
2021-08-16;18.5086
2021-08-17;17.4924
2021-08-18;17.8593
2021-08-19;18.0944
2021-08-20;19.2169
2021-08-21;19.3319
2021-08-22;18.8687
2021-08-23;18.3462
2021-08-24;18.4785
2021-08-25;18.8562
2021-08-26;18.6539
2021-08-27;18.3836
2021-08-28;18.0168
2021-08-29;17.6646
2021-08-30;17.9375
2021-08-31;18.3684
2021-09-01;18.3262
2021-09-02;18.7894
2021-09-03;18.9681
2021-09-04;19.3182
2021-09-05;19.7811
2021-09-06;20.7593
2021-09-07;21.2468
2021-09-08;20.6987
2021-09-09;19.5105
2021-09-10;18.6517
2021-09-11;18.2239
2021-09-12;18.5284
2021-09-13;19.1344
2021-09-14;19.841
2021-09-15;19.3828
2021-09-16;18.3242
2021-09-17;17.9364
2021-09-18;17.5401
2021-09-19;16.5428
2021-09-20;16.2222
2021-09-21;16.4421
2021-09-22;16.7002
2021-09-23;16.8243
2021-09-24;17.3845
2021-09-25;17.9547
2021-09-26;18.1432
2021-09-27;17.2857
2021-09-28;16.0523
2021-09-29;16.2621
2021-09-30;14.3954
2021-10-01;15.6224
2021-10-02;17.2427
2021-10-03;17.1083
2021-10-04;15.251
2021-10-05;15.0168
2021-10-06;14.9517
2021-10-07;14.9647
2021-10-08;14.9855
2021-10-09;14.8095
2021-10-10;14.3375
2021-10-11;13.8914
2021-10-12;13.7221
2021-10-13;13.5397
2021-10-14;13.0989
2021-10-15;13.6162
2021-10-16;13.7386
2021-10-17;13.7801
2021-10-18;14.817
2021-10-19;16.9639
2021-10-20;17.1754
2021-10-21;15.1077
2021-10-22;13.0792
2021-10-23;12.7715
2021-10-24;13.0313
2021-10-25;13.921
2021-10-26;14.3196
2021-10-27;13.6389
2021-10-28;13.8295
2021-10-29;14.8453
2021-10-30;14.9707
2021-10-31;15.3755
2021-11-01;13.9603
2021-11-02;13.1768
2021-11-03;11.9558
2021-11-04;11.5696
2021-11-05;9.80851
2021-11-06;8.85572
2021-11-07;10.263
2021-11-08;10.2181
2021-11-09;10.5033
2021-11-10;11.2857
2021-11-11;9.77672
2021-11-12;9.07268
2021-11-13;10.6543
2021-11-14;10.5671
2021-11-15;11.6062
2021-11-16;11.7616
2021-11-17;11.5696
2021-11-18;11.6939
2021-11-19;9.2276
2021-11-20;10.3151
2021-11-21;10.654
2021-11-22;10.6175
2021-11-23;10.185
2021-11-24;10.1516
2021-11-25;9.64092
2021-11-26;9.67505
2021-11-27;9.06513
2021-11-28;8.30213
2021-11-29;8.01489
2021-11-30;9.186
2021-12-01;11.256
2021-12-02;9.25431
2021-12-03;9.42489
2021-12-04;10.1338
2021-12-05;7.33048
2021-12-06;10.07
2021-12-07;10.7214
2021-12-08;9.95643
2021-12-09;9.55165
2021-12-10;10.3776
2021-12-11;10.1143
2021-12-12;9.05327
2021-12-13;7.83721
2021-12-14;9.62039
2021-12-15;7.8561
2021-12-16;6.85459
2021-12-17;9.49563
2021-12-18;9.7631
2021-12-19;9.14526
2021-12-20;8.35504
2021-12-21;7.75833
2021-12-22;7.82255
2021-12-23;10.6013
2021-12-24;11.8218
2021-12-25;12.0675
2021-12-26;12.2319
2021-12-27;12.6269
2021-12-28;13.5203
2021-12-29;14.5324
2021-12-30;13.8978
2021-12-31;12.8559
2022-01-01;11.4344
2022-01-02;12.6565
2022-01-03;12.8033
2022-01-04;12.0474
2022-01-05;9.31656
2022-01-06;8.25052
2022-01-07;9.11301
2022-01-08;10.5447
2022-01-09;10.5135
2022-01-10;10.0768
2022-01-11;8.97737
2022-01-12;8.14938
2022-01-13;7.60291
2022-01-14;7.41597
2022-01-15;7.38831
2022-01-16;7.59915
2022-01-17;8.76609
2022-01-18;8.4043
2022-01-19;8.61359
2022-01-20;9.44444
2022-01-21;8.17932
2022-01-22;8.13053
2022-01-23;8.31723
2022-01-24;5.63484
2022-01-25;7.02217
2022-01-26;7.74678
2022-01-27;7.76858
2022-01-28;8.30426
2022-01-29;9.19368
2022-01-30;9.78936
2022-01-31;9.84009
2022-02-01;9.67872
2022-02-02;11.1064
2022-02-03;10.6131
2022-02-04;11.0468
2022-02-05;10.3256
2022-02-06;10.5657
2022-02-07;11.0934
2022-02-08;9.23005
2022-02-09;10.25
2022-02-10;10.9874
2022-02-11;9.92111
2022-02-12;8.85263
2022-02-13;11.034
2022-02-14;11.0407
2022-02-15;10.4883
2022-02-16;12.5966
2022-02-17;13.7009
2022-02-18;12.8004
2022-02-19;10.6645
2022-02-20;12.134
2022-02-21;11.9488
2022-02-22;11.9722
2022-02-23;11.7818
2022-02-24;9.55583
2022-02-25;9.37969
2022-02-26;7.3128
2022-02-27;6.97284
2022-02-28;10.0608
2022-03-01;10.714
2022-03-02;11.0453
2022-03-03;11.8414
2022-03-04;11.1782
2022-03-05;9.95319
2022-03-06;9.29237
2022-03-07;8.61845
2022-03-08;7.88599
2022-03-09;10.9209
2022-03-10;11.7602
2022-03-11;12.174
2022-03-12;11.9351
2022-03-13;11.3987
2022-03-14;11.8483
2022-03-15;13.6464
2022-03-16;13.1444
2022-03-17;12.2618
2022-03-18;12.2674
2022-03-19;12.8264
2022-03-20;12.2447
2022-03-21;13.3905
2022-03-22;13.0106
2022-03-23;12.5617
2022-03-24;12.8547
2022-03-25;13.6855
2022-03-26;13.9685
2022-03-27;14.4619
2022-03-28;14.535
2022-03-29;13.9937
2022-03-30;12.7318
2022-03-31;10.855
2022-04-01;8.21429
2022-04-02;7.90234
2022-04-03;8.07789
2022-04-04;9.5
2022-04-05;11.6887
2022-04-06;12.6305
2022-04-07;13.6164
2022-04-08;13.2857
2022-04-09;11.4179
2022-04-10;11.7778
2022-04-11;14.0573
2022-04-12;14.7104
2022-04-13;15.0781
2022-04-14;15.811
2022-04-15;16.2992
2022-04-16;15.9346
2022-04-17;14.8919
2022-04-18;14.3586
2022-04-19;13.9454
2022-04-20;13.8634
2022-04-21;14.183
2022-04-22;14.4643
2022-04-23;14.1455
2022-04-24;13.8208
2022-04-25;14.0949
2022-04-26;14.3859
2022-04-27;14.5239
2022-04-28;15.3256
2022-04-29;15.3469
2022-04-30;14.8021
2022-05-01;14.5537
2022-05-02;14.8584
2022-05-03;15.1916
2022-05-04;14.7626
2022-05-05;15.0191
2022-05-06;15.6143
2022-05-07;16.0798
2022-05-08;16.3537
2022-05-09;17.3979
2022-05-10;18.229
2022-05-11;18.2206
2022-05-12;16.673
2022-05-13;17.1342
2022-05-14;17.9833
2022-05-15;19.1691
2022-05-16;18.8977
2022-05-17;19.8502
2022-05-18;20.2243
2022-05-19;19.6464
2022-05-20;19.2785
2022-05-21;18.666
2022-05-22;19.41
2022-05-23;17.4559
2022-05-24;16.0814
2022-05-25;16.1971
2022-05-26;16.9202
2022-05-27;17.5938
2022-05-28;17.3792
2022-05-29;16.2152
2022-05-30;15.864
2022-05-31;16.7074
2022-06-01;17.6226
2022-06-02;18.7395
2022-06-03;19.5189
2022-06-04;19.9114
2022-06-05;18.7043
2022-06-06;18.2231
2022-06-07;18.1273
2022-06-08;17.262
2022-06-09;17.4236
2022-06-10;18.6454
2022-06-11;19.7027
2022-06-12;19.8253
2022-06-13;19.1925
2022-06-14;20.1656
2022-06-15;21.3887
2022-06-16;22.0992
2022-06-17;23.2359
2022-06-18;23.7676
2022-06-19;21.155
2022-06-20;20.1062
2022-06-21;19.8824
2022-06-22;19.7044
2022-06-23;19.546
2022-06-24;18.5502
2022-06-25;18.0713
2022-06-26;17.6521
2022-06-27;17.7822
2022-06-28;18.4979
2022-06-29;18.6025
2022-06-30;16.7724
2022-07-01;17.2063
2022-07-02;18.7905
2022-07-03;19.6674
2022-07-04;19.2301
2022-07-05;19.5356
2022-07-06;19.4421
2022-07-07;19.2683
2022-07-08;19.8847
2022-07-09;20.8449
2022-07-10;20.9202
2022-07-11;21.6004
2022-07-12;22.6099
2022-07-13;22.786
2022-07-14;22.457
2022-07-15;21.4877
2022-07-16;21.537
2022-07-17;22.6605
2022-07-18;24.4525
2022-07-19;24.0594
2022-07-20;21.7377
2022-07-21;21.3846
2022-07-22;21.222
2022-07-23;20.9958
2022-07-24;22.4979
2022-07-25;21.5714
2022-07-26;20.0437
2022-07-27;19.9439
2022-07-28;20.5437
2022-07-29;20.7149
2022-07-30;21.2795
2022-07-31;21.7039
2022-08-01;22.0629
2022-08-02;22.3173
2022-08-03;22.9753
2022-08-04;22.5595
2022-08-05;21.3403
2022-08-06;20.9897
2022-08-07;21.0913
2022-08-08;21.8739
2022-08-09;22.2884
2022-08-10;22.5535
2022-08-11;23.1324
2022-08-12;23.2153
2022-08-13;22.8831
2022-08-14;20.3904
2022-08-15;19.9979
2022-08-16;20.4958
2022-08-17;19.4979
2022-08-18;19.4444
2022-08-19;19.7996
2022-08-20;20.2914
2022-08-21;19.8159
2022-08-22;20.1649
2022-08-23;21.0438
2022-08-24;22.0884
2022-08-25;21.714
2022-08-26;20.4969
2022-08-27;20.1169
2022-08-28;20.9516
2022-08-29;21.3942
2022-08-30;21.0871
2022-08-31;20.2979
2022-09-01;20.499
2022-09-02;19.2727
2022-09-03;19.3889
2022-09-04;20.5569
2022-09-05;21.2469
2022-09-06;20.4398
2022-09-07;19.3095
2022-09-08;18.5687
2022-09-09;18.4519
2022-09-10;18.4307
2022-09-11;19.3418
2022-09-12;20.8312
2022-09-13;21.4521
2022-09-14;19.9938
2022-09-15;18.7275
2022-09-16;17.2264
2022-09-17;15.3708
2022-09-18;15.2774
2022-09-19;16.2699
2022-09-20;15.9482
2022-09-21;15.9437
2022-09-22;16.1876
2022-09-23;16.356
2022-09-24;16.2312
2022-09-25;15.5207
2022-09-26;15.2931
2022-09-27;15.4046
2022-09-28;15.5879
2022-09-29;14.3015
2022-09-30;14.0048
